timestamp, temperature_gpu, power_draw_w, utilization_gpu, utilization_memory, memory_used_mib, memory_free_mib, total_energy_consumption_j
1.72397e+18, 33, 90, 0, 0, 2250, 98234, 278044728558
1.72397e+18, 33, 90, 0, 0, 2250, 98234, 278044728558
1.72397e+18, 33, 90, 0, 0, 2250, 98234, 278044728558
1.72397e+18, 33, 90, 0, 0, 2250, 98234, 278044728558
1.72397e+18, 33, 90, 0, 0, 2250, 98234, 278044728558
1.72397e+18, 33, 90, 0, 0, 2250, 98234, 278044728558
1.72397e+18, 33, 90, 0, 0, 2250, 98234, 278044728558
1.72397e+18, 33, 90, 0, 0, 2250, 98234, 278044728558
1.72397e+18, 33, 90, 0, 0, 2250, 98234, 278044728558
1.72397e+18, 33, 90, 0, 0, 2250, 98234, 278044728558
1.72397e+18, 33, 90, 0, 0, 2250, 98234, 278044728558
1.72397e+18, 33, 90, 0, 0, 2250, 98234, 278044728558
1.72397e+18, 33, 90, 0, 0, 2250, 98234, 278044728558
1.72397e+18, 33, 90, 0, 0, 2250, 98234, 278044728558
1.72397e+18, 33, 90, 0, 0, 2250, 98234, 278044728558
1.72397e+18, 33, 90, 0, 0, 2250, 98234, 278044728558
1.72397e+18, 33, 90, 0, 0, 2250, 98234, 278044728558
1.72397e+18, 33, 90, 0, 0, 2250, 98234, 278044728558
1.72397e+18, 33, 90, 0, 0, 2250, 98234, 278044728558
1.72397e+18, 33, 90, 0, 0, 2250, 98234, 278044728558
1.72397e+18, 33, 90, 0, 0, 2250, 98234, 278044728558
1.72397e+18, 33, 90, 0, 0, 2250, 98234, 278044737651
1.72397e+18, 33, 90, 0, 0, 2250, 98234, 278044737651
1.72397e+18, 33, 90, 0, 0, 2250, 98234, 278044737651
1.72397e+18, 33, 90, 0, 0, 2250, 98234, 278044737651
1.72397e+18, 33, 90, 0, 0, 2250, 98234, 278044737651
1.72397e+18, 33, 90, 0, 0, 2250, 98234, 278044737651
1.72397e+18, 33, 90, 0, 0, 2250, 98234, 278044737651
1.72397e+18, 33, 90, 0, 0, 2250, 98234, 278044737651
1.72397e+18, 33, 90, 0, 0, 2250, 98234, 278044737651
1.72397e+18, 33, 90, 0, 0, 2250, 98234, 278044737651
1.72397e+18, 33, 90, 0, 0, 2250, 98234, 278044737651
1.72397e+18, 33, 90, 0, 0, 2250, 98234, 278044737651
1.72397e+18, 33, 90, 0, 0, 2250, 98234, 278044737651
1.72397e+18, 33, 90, 0, 0, 2250, 98234, 278044737651
1.72397e+18, 33, 90, 0, 0, 2250, 98234, 278044737651
1.72397e+18, 33, 90, 0, 0, 2250, 98234, 278044737651
1.72397e+18, 33, 90, 0, 0, 2250, 98234, 278044737651
1.72397e+18, 33, 90, 0, 0, 2250, 98234, 278044737651
1.72397e+18, 33, 90, 0, 0, 2250, 98234, 278044737651
1.72397e+18, 33, 90, 0, 0, 2250, 98234, 278044737651
1.72397e+18, 33, 90, 0, 0, 2250, 98234, 278044737651
1.72397e+18, 33, 90, 0, 0, 2250, 98234, 278044737651
1.72397e+18, 33, 90, 0, 0, 2250, 98234, 278044737651
1.72397e+18, 33, 90, 0, 0, 2250, 98234, 278044737651
1.72397e+18, 33, 90, 0, 0, 2250, 98234, 278044746787
1.72397e+18, 33, 90, 0, 0, 2250, 98234, 278044746787
1.72397e+18, 33, 90, 0, 0, 2250, 98234, 278044746787
1.72397e+18, 33, 90, 0, 0, 2250, 98234, 278044746787
1.72397e+18, 33, 90, 0, 0, 2250, 98234, 278044746787
1.72397e+18, 33, 90, 0, 0, 2250, 98234, 278044746787
1.72397e+18, 33, 90, 0, 0, 2250, 98234, 278044746787
1.72397e+18, 33, 90, 0, 0, 2250, 98234, 278044746787
1.72397e+18, 33, 90, 0, 0, 2250, 98234, 278044746787
1.72397e+18, 33, 90, 0, 0, 2250, 98234, 278044746787
1.72397e+18, 33, 90, 0, 0, 2250, 98234, 278044746787
1.72397e+18, 33, 90, 0, 0, 2250, 98234, 278044746787
1.72397e+18, 33, 90, 0, 0, 2250, 98234, 278044746787
1.72397e+18, 33, 90, 0, 0, 2250, 98234, 278044746787
1.72397e+18, 33, 90, 0, 0, 2250, 98234, 278044746787
1.72397e+18, 33, 90, 0, 0, 2250, 98234, 278044746787
1.72397e+18, 33, 90, 0, 0, 2250, 98234, 278044746787
1.72397e+18, 33, 90, 0, 0, 2250, 98234, 278044746787
1.72397e+18, 33, 90, 0, 0, 2250, 98234, 278044746787
1.72397e+18, 33, 90, 0, 0, 2250, 98234, 278044746787
1.72397e+18, 33, 90, 0, 0, 2250, 98234, 278044746787
1.72397e+18, 33, 90, 0, 0, 2250, 98234, 278044746787
1.72397e+18, 33, 90, 0, 0, 2250, 98234, 278044746787
1.72397e+18, 33, 90, 0, 0, 2250, 98234, 278044746787
1.72397e+18, 33, 90, 0, 0, 2250, 98234, 278044755878
1.72397e+18, 33, 90, 0, 0, 2250, 98234, 278044755878
1.72397e+18, 33, 90, 0, 0, 2250, 98234, 278044755878
1.72397e+18, 33, 90, 0, 0, 2250, 98234, 278044755878
1.72397e+18, 33, 90, 0, 0, 2250, 98234, 278044755878
1.72397e+18, 33, 90, 0, 0, 2250, 98234, 278044755878
1.72397e+18, 33, 90, 0, 0, 2250, 98234, 278044755878
1.72397e+18, 33, 90, 0, 0, 2250, 98234, 278044755878
1.72397e+18, 33, 90, 0, 0, 2250, 98234, 278044755878
1.72397e+18, 33, 90, 0, 0, 2250, 98234, 278044755878
1.72397e+18, 33, 90, 0, 0, 2250, 98234, 278044755878
1.72397e+18, 33, 90, 0, 0, 2250, 98234, 278044755878
1.72397e+18, 33, 90, 0, 0, 2250, 98234, 278044755878
1.72397e+18, 33, 90, 0, 0, 2250, 98234, 278044755878
1.72397e+18, 33, 90, 0, 0, 2250, 98234, 278044755878
1.72397e+18, 33, 90, 0, 0, 2250, 98234, 278044755878
1.72397e+18, 33, 90, 0, 0, 2250, 98234, 278044755878
1.72397e+18, 33, 90, 0, 0, 2250, 98234, 278044755878
1.72397e+18, 33, 90, 0, 0, 2250, 98234, 278044755878
1.72397e+18, 33, 90, 0, 0, 2250, 98234, 278044755878
1.72397e+18, 33, 90, 0, 0, 2250, 98234, 278044755878
1.72397e+18, 33, 90, 0, 0, 2250, 98234, 278044755878
1.72397e+18, 33, 90, 0, 0, 2250, 98234, 278044755878
1.72397e+18, 33, 90, 0, 0, 2250, 98234, 278044764966
1.72397e+18, 33, 90, 0, 0, 2250, 98234, 278044764966
1.72397e+18, 33, 90, 0, 0, 2250, 98234, 278044764966
1.72397e+18, 33, 90, 0, 0, 2250, 98234, 278044764966
1.72397e+18, 33, 90, 0, 0, 2250, 98234, 278044764966
1.72397e+18, 33, 90, 0, 0, 2250, 98234, 278044764966
1.72397e+18, 33, 90, 0, 0, 2250, 98234, 278044764966
1.72397e+18, 33, 90, 0, 0, 2250, 98234, 278044764966
1.72397e+18, 33, 90, 0, 0, 2250, 98234, 278044764966
1.72397e+18, 33, 91, 0, 0, 2250, 98234, 278044764966
1.72397e+18, 33, 91, 0, 0, 2250, 98234, 278044764966
1.72397e+18, 33, 91, 0, 0, 2250, 98234, 278044764966
1.72397e+18, 33, 91, 0, 0, 2250, 98234, 278044764966
1.72397e+18, 33, 91, 0, 0, 2250, 98234, 278044764966
1.72397e+18, 33, 91, 0, 0, 2250, 98234, 278044764966
1.72397e+18, 33, 91, 0, 0, 2250, 98234, 278044764966
1.72397e+18, 33, 91, 0, 0, 2250, 98234, 278044764966
1.72397e+18, 33, 91, 0, 0, 2250, 98234, 278044764966
1.72397e+18, 33, 91, 0, 0, 2250, 98234, 278044764966
1.72397e+18, 33, 91, 0, 0, 2250, 98234, 278044764966
1.72397e+18, 33, 91, 0, 0, 2250, 98234, 278044764966
1.72397e+18, 33, 91, 0, 0, 2250, 98234, 278044764966
1.72397e+18, 33, 91, 0, 0, 2250, 98234, 278044764966
1.72397e+18, 33, 91, 0, 0, 2250, 98234, 278044764966
1.72397e+18, 33, 91, 0, 0, 2250, 98234, 278044774106
1.72397e+18, 33, 91, 0, 0, 2250, 98234, 278044774106
1.72397e+18, 33, 91, 0, 0, 2250, 98234, 278044774106
1.72397e+18, 33, 91, 0, 0, 2250, 98234, 278044774106
1.72397e+18, 33, 91, 0, 0, 2250, 98234, 278044774106
1.72397e+18, 33, 91, 0, 0, 2250, 98234, 278044774106
1.72397e+18, 33, 91, 0, 0, 2250, 98234, 278044774106
1.72397e+18, 33, 91, 0, 0, 2250, 98234, 278044774106
1.72397e+18, 33, 91, 0, 0, 2250, 98234, 278044774106
1.72397e+18, 33, 91, 0, 0, 2250, 98234, 278044774106
1.72397e+18, 33, 90, 0, 0, 2250, 98234, 278044774106
1.72397e+18, 33, 90, 0, 0, 2250, 98234, 278044774106
1.72397e+18, 33, 90, 0, 0, 2250, 98234, 278044774106
1.72397e+18, 33, 90, 0, 0, 2250, 98234, 278044774106
1.72397e+18, 33, 90, 0, 0, 2250, 98234, 278044774106
1.72397e+18, 33, 90, 0, 0, 2250, 98234, 278044774106
1.72397e+18, 33, 90, 0, 0, 2250, 98234, 278044774106
1.72397e+18, 33, 90, 0, 0, 2250, 98234, 278044774106
1.72397e+18, 33, 90, 0, 0, 2250, 98234, 278044774106
1.72397e+18, 33, 90, 0, 0, 2250, 98234, 278044774106
1.72397e+18, 33, 90, 0, 0, 2250, 98234, 278044774106
1.72397e+18, 33, 90, 0, 0, 2250, 98234, 278044774106
1.72397e+18, 33, 90, 0, 0, 2250, 98234, 278044774106
1.72397e+18, 33, 90, 0, 0, 2250, 98234, 278044783188
1.72397e+18, 33, 90, 0, 0, 2250, 98234, 278044783188
1.72397e+18, 33, 90, 0, 0, 2250, 98234, 278044783188
1.72397e+18, 33, 90, 0, 0, 2250, 98234, 278044783188
1.72397e+18, 33, 90, 0, 0, 2250, 98234, 278044783188
1.72397e+18, 33, 90, 0, 0, 2250, 98234, 278044783188
1.72397e+18, 33, 90, 0, 0, 2250, 98234, 278044783188
1.72397e+18, 33, 90, 0, 0, 2250, 98234, 278044783188
1.72397e+18, 33, 90, 0, 0, 2250, 98234, 278044783188
1.72397e+18, 33, 90, 0, 0, 2250, 98234, 278044783188
1.72397e+18, 33, 90, 0, 0, 2250, 98234, 278044783188
1.72397e+18, 33, 91, 0, 0, 2250, 98234, 278044783188
1.72397e+18, 33, 91, 0, 0, 2250, 98234, 278044783188
1.72397e+18, 33, 91, 0, 0, 2250, 98234, 278044783188
1.72397e+18, 33, 91, 0, 0, 2250, 98234, 278044783188
1.72397e+18, 33, 91, 0, 0, 2250, 98234, 278044783188
1.72397e+18, 33, 91, 0, 0, 2250, 98234, 278044783188
1.72397e+18, 33, 91, 0, 0, 2250, 98234, 278044783188
1.72397e+18, 33, 91, 0, 0, 2250, 98234, 278044783188
1.72397e+18, 33, 91, 0, 0, 2250, 98234, 278044783188
1.72397e+18, 33, 91, 0, 0, 2250, 98234, 278044783188
1.72397e+18, 33, 91, 0, 0, 2250, 98234, 278044783188
1.72397e+18, 33, 91, 0, 0, 2250, 98234, 278044783188
1.72397e+18, 33, 91, 0, 0, 2250, 98234, 278044792310
1.72397e+18, 33, 91, 0, 0, 2250, 98234, 278044792310
1.72397e+18, 33, 91, 0, 0, 2250, 98234, 278044792310
1.72397e+18, 33, 91, 0, 0, 2250, 98234, 278044792310
1.72397e+18, 33, 91, 0, 0, 2250, 98234, 278044792310
1.72397e+18, 33, 91, 0, 0, 2250, 98234, 278044792310
1.72397e+18, 33, 91, 0, 0, 2250, 98234, 278044792310
1.72397e+18, 33, 91, 0, 0, 2250, 98234, 278044792310
1.72397e+18, 33, 91, 0, 0, 2250, 98234, 278044792310
1.72397e+18, 33, 91, 0, 0, 2250, 98234, 278044792310
1.72397e+18, 33, 91, 0, 0, 2250, 98234, 278044792310
1.72397e+18, 33, 91, 0, 0, 2250, 98234, 278044792310
1.72397e+18, 33, 91, 0, 0, 2250, 98234, 278044792310
1.72397e+18, 33, 91, 0, 0, 2250, 98234, 278044792310
1.72397e+18, 33, 91, 0, 0, 2250, 98234, 278044792310
1.72397e+18, 33, 91, 0, 0, 2250, 98234, 278044792310
1.72397e+18, 33, 91, 0, 0, 2250, 98234, 278044792310
1.72397e+18, 33, 91, 0, 0, 2250, 98234, 278044792310
1.72397e+18, 33, 91, 0, 0, 2250, 98234, 278044792310
1.72397e+18, 33, 91, 0, 0, 2250, 98234, 278044792310
1.72397e+18, 33, 91, 0, 0, 2250, 98234, 278044792310
1.72397e+18, 33, 91, 0, 0, 2250, 98234, 278044792310
1.72397e+18, 33, 91, 0, 0, 2250, 98234, 278044792310
1.72397e+18, 33, 91, 0, 0, 2250, 98234, 278044801391
1.72397e+18, 33, 91, 0, 0, 2250, 98234, 278044801391
1.72397e+18, 33, 91, 0, 0, 2250, 98234, 278044801391
1.72397e+18, 33, 91, 0, 0, 2250, 98234, 278044801391
1.72397e+18, 33, 91, 0, 0, 2250, 98234, 278044801391
1.72397e+18, 33, 91, 0, 0, 2250, 98234, 278044801391
1.72397e+18, 33, 91, 0, 0, 2250, 98234, 278044801391
1.72397e+18, 33, 91, 0, 0, 2250, 98234, 278044801391
1.72397e+18, 33, 91, 0, 0, 2250, 98234, 278044801391
1.72397e+18, 33, 91, 0, 0, 2250, 98234, 278044801391
1.72397e+18, 33, 91, 0, 0, 2250, 98234, 278044801391
1.72397e+18, 33, 91, 0, 0, 2250, 98234, 278044801391
1.72397e+18, 33, 91, 0, 0, 2250, 98234, 278044801391
1.72397e+18, 33, 91, 0, 0, 2250, 98234, 278044801391
1.72397e+18, 33, 91, 0, 0, 2250, 98234, 278044801391
1.72397e+18, 33, 91, 0, 0, 2250, 98234, 278044801391
1.72397e+18, 33, 91, 0, 0, 2250, 98234, 278044801391
1.72397e+18, 33, 91, 0, 0, 2250, 98234, 278044801391
1.72397e+18, 33, 91, 0, 0, 2250, 98234, 278044801391
1.72397e+18, 33, 91, 0, 0, 2250, 98234, 278044801391
1.72397e+18, 33, 91, 0, 0, 2250, 98234, 278044801391
1.72397e+18, 33, 91, 0, 0, 2250, 98234, 278044801391
1.72397e+18, 33, 91, 0, 0, 2250, 98234, 278044801391
1.72397e+18, 33, 91, 0, 0, 2250, 98234, 278044810507
1.72397e+18, 33, 91, 0, 0, 2250, 98234, 278044810507
1.72397e+18, 33, 91, 0, 0, 2250, 98234, 278044810507
1.72397e+18, 33, 91, 0, 0, 2250, 98234, 278044810507
1.72397e+18, 33, 91, 0, 0, 2250, 98234, 278044810507
1.72397e+18, 33, 91, 0, 0, 2250, 98234, 278044810507
1.72397e+18, 33, 91, 0, 0, 2250, 98234, 278044810507
1.72397e+18, 33, 91, 0, 0, 2250, 98234, 278044810507
1.72397e+18, 33, 91, 0, 0, 2250, 98234, 278044810507
1.72397e+18, 33, 91, 0, 0, 2250, 98234, 278044810507
1.72397e+18, 33, 91, 0, 0, 2250, 98234, 278044810507
1.72397e+18, 33, 91, 0, 0, 2250, 98234, 278044810507
1.72397e+18, 33, 91, 0, 0, 2250, 98234, 278044810507
1.72397e+18, 33, 91, 0, 0, 2250, 98234, 278044810507
1.72397e+18, 33, 91, 0, 0, 2250, 98234, 278044810507
1.72397e+18, 33, 91, 0, 0, 2250, 98234, 278044810507
1.72397e+18, 33, 91, 0, 0, 2250, 98234, 278044810507
1.72397e+18, 33, 91, 0, 0, 2250, 98234, 278044810507
1.72397e+18, 33, 91, 0, 0, 2250, 98234, 278044810507
1.72397e+18, 33, 91, 0, 0, 2250, 98234, 278044810507
1.72397e+18, 33, 91, 0, 0, 2250, 98234, 278044810507
1.72397e+18, 33, 91, 0, 0, 2250, 98234, 278044810507
1.72397e+18, 33, 91, 0, 0, 2250, 98234, 278044810507
1.72397e+18, 33, 91, 0, 0, 2250, 98234, 278044819599
1.72397e+18, 33, 91, 0, 0, 2250, 98234, 278044819599
1.72397e+18, 33, 91, 0, 0, 2250, 98234, 278044819599
1.72397e+18, 33, 91, 0, 0, 2250, 98234, 278044819599
1.72397e+18, 33, 91, 0, 0, 2250, 98234, 278044819599
1.72397e+18, 33, 91, 0, 0, 2250, 98234, 278044819599
1.72397e+18, 33, 91, 0, 0, 2250, 98234, 278044819599
1.72397e+18, 33, 91, 0, 0, 2250, 98234, 278044819599
1.72397e+18, 33, 91, 0, 0, 2250, 98234, 278044819599
1.72397e+18, 33, 91, 0, 0, 2250, 98234, 278044819599
1.72397e+18, 33, 91, 0, 0, 2250, 98234, 278044819599
1.72397e+18, 33, 91, 0, 0, 2250, 98234, 278044819599
1.72397e+18, 33, 91, 0, 0, 2250, 98234, 278044819599
1.72397e+18, 33, 91, 0, 0, 2250, 98234, 278044819599
1.72397e+18, 33, 91, 0, 0, 2250, 98234, 278044819599
1.72397e+18, 33, 91, 0, 0, 2250, 98234, 278044819599
1.72397e+18, 33, 91, 0, 0, 2250, 98234, 278044819599
1.72397e+18, 33, 91, 0, 0, 2250, 98234, 278044819599
1.72397e+18, 33, 91, 0, 0, 2250, 98234, 278044819599
1.72397e+18, 33, 91, 0, 0, 2250, 98234, 278044819599
1.72397e+18, 33, 91, 0, 0, 2250, 98234, 278044819599
1.72397e+18, 33, 91, 0, 0, 2250, 98234, 278044819599
1.72397e+18, 33, 91, 0, 0, 2250, 98234, 278044819599
1.72397e+18, 33, 91, 0, 0, 2250, 98234, 278044828692
1.72397e+18, 33, 91, 0, 0, 2250, 98234, 278044828692
1.72397e+18, 33, 91, 0, 0, 2250, 98234, 278044828692
1.72397e+18, 33, 91, 0, 0, 2250, 98234, 278044828692
1.72397e+18, 33, 91, 0, 0, 2250, 98234, 278044828692
1.72397e+18, 33, 91, 0, 0, 2250, 98234, 278044828692
1.72397e+18, 33, 91, 0, 0, 2250, 98234, 278044828692
1.72397e+18, 33, 91, 0, 0, 2250, 98234, 278044828692
1.72397e+18, 33, 91, 0, 0, 2250, 98234, 278044828692
1.72397e+18, 33, 91, 0, 0, 2250, 98234, 278044828692
1.72397e+18, 33, 91, 0, 0, 2250, 98234, 278044828692
1.72397e+18, 33, 91, 0, 0, 2250, 98234, 278044828692
1.72397e+18, 33, 91, 0, 0, 2250, 98234, 278044828692
1.72397e+18, 33, 91, 0, 0, 2250, 98234, 278044828692
1.72397e+18, 33, 91, 0, 0, 2250, 98234, 278044828692
1.72397e+18, 33, 91, 0, 0, 2250, 98234, 278044828692
1.72397e+18, 33, 91, 0, 0, 2250, 98234, 278044828692
1.72397e+18, 33, 91, 0, 0, 2250, 98234, 278044828692
1.72397e+18, 33, 91, 0, 0, 2250, 98234, 278044828692
1.72397e+18, 33, 91, 0, 0, 2250, 98234, 278044837814
1.72397e+18, 33, 91, 0, 0, 2250, 98234, 278044837814
1.72397e+18, 33, 91, 0, 0, 2250, 98234, 278044837814
1.72397e+18, 33, 91, 0, 0, 2250, 98234, 278044837814
1.72397e+18, 33, 91, 0, 0, 2250, 98234, 278044837814
1.72397e+18, 33, 91, 0, 0, 2250, 98234, 278044837814
1.72397e+18, 33, 91, 0, 0, 2250, 98234, 278044837814
1.72397e+18, 33, 91, 0, 0, 2250, 98234, 278044837814
1.72397e+18, 33, 91, 0, 0, 2250, 98234, 278044837814
1.72397e+18, 33, 91, 0, 0, 2250, 98234, 278044837814
1.72397e+18, 33, 91, 0, 0, 2250, 98234, 278044837814
1.72397e+18, 33, 91, 0, 0, 2250, 98234, 278044837814
1.72397e+18, 33, 91, 0, 0, 2250, 98234, 278044837814
1.72397e+18, 33, 91, 0, 0, 2250, 98234, 278044837814
1.72397e+18, 33, 91, 0, 0, 2250, 98234, 278044837814
1.72397e+18, 33, 91, 0, 0, 2250, 98234, 278044837814
1.72397e+18, 33, 91, 0, 0, 2250, 98234, 278044837814
1.72397e+18, 33, 91, 0, 0, 2250, 98234, 278044837814
1.72397e+18, 33, 91, 0, 0, 2250, 98234, 278044837814
1.72397e+18, 33, 91, 0, 0, 2250, 98234, 278044837814
1.72397e+18, 33, 91, 0, 0, 2250, 98234, 278044837814
1.72397e+18, 33, 91, 0, 0, 2250, 98234, 278044837814
1.72397e+18, 33, 91, 0, 0, 2250, 98234, 278044837814
1.72397e+18, 33, 91, 0, 0, 2250, 98234, 278044846905
1.72397e+18, 33, 91, 0, 0, 2250, 98234, 278044846905
1.72397e+18, 33, 91, 0, 0, 2250, 98234, 278044846905
1.72397e+18, 33, 91, 0, 0, 2250, 98234, 278044846905
1.72397e+18, 33, 91, 0, 0, 2250, 98234, 278044846905
1.72397e+18, 33, 91, 0, 0, 2250, 98234, 278044846905
1.72397e+18, 33, 91, 0, 0, 2250, 98234, 278044846905
1.72397e+18, 33, 91, 0, 0, 2250, 98234, 278044846905
1.72397e+18, 33, 91, 0, 0, 2250, 98234, 278044846905
1.72397e+18, 33, 91, 0, 0, 2250, 98234, 278044846905
1.72397e+18, 33, 91, 0, 0, 2250, 98234, 278044846905
1.72397e+18, 33, 91, 0, 0, 2250, 98234, 278044846905
1.72397e+18, 33, 91, 0, 0, 2250, 98234, 278044846905
1.72397e+18, 33, 91, 0, 0, 2250, 98234, 278044846905
1.72397e+18, 33, 91, 0, 0, 2250, 98234, 278044846905
1.72397e+18, 33, 91, 0, 0, 2250, 98234, 278044846905
1.72397e+18, 33, 91, 0, 0, 2250, 98234, 278044846905
1.72397e+18, 33, 91, 0, 0, 2250, 98234, 278044846905
1.72397e+18, 33, 91, 0, 0, 2250, 98234, 278044846905
1.72397e+18, 33, 91, 0, 0, 2250, 98234, 278044846905
1.72397e+18, 33, 91, 0, 0, 2250, 98234, 278044846905
1.72397e+18, 33, 91, 0, 0, 2250, 98234, 278044846905
1.72397e+18, 33, 91, 0, 0, 2250, 98234, 278044846905
1.72397e+18, 33, 91, 0, 0, 2250, 98234, 278044856004
1.72397e+18, 33, 91, 0, 0, 2250, 98234, 278044856004
1.72397e+18, 33, 91, 0, 0, 2250, 98234, 278044856004
1.72397e+18, 33, 91, 0, 0, 2250, 98234, 278044856004
1.72397e+18, 33, 91, 0, 0, 2250, 98234, 278044856004
1.72397e+18, 33, 91, 0, 0, 2250, 98234, 278044856004
1.72397e+18, 33, 91, 0, 0, 2250, 98234, 278044856004
1.72397e+18, 33, 91, 0, 0, 2250, 98234, 278044856004
1.72397e+18, 33, 91, 0, 0, 2250, 98234, 278044856004
1.72397e+18, 33, 91, 0, 0, 2250, 98234, 278044856004
1.72397e+18, 33, 91, 0, 0, 2250, 98234, 278044856004
1.72397e+18, 33, 91, 0, 0, 2250, 98234, 278044856004
1.72397e+18, 33, 91, 0, 0, 2250, 98234, 278044856004
1.72397e+18, 33, 91, 0, 0, 2250, 98234, 278044856004
1.72397e+18, 33, 91, 0, 0, 2250, 98234, 278044856004
1.72397e+18, 33, 91, 0, 0, 2250, 98234, 278044856004
1.72397e+18, 33, 91, 0, 0, 2250, 98234, 278044856004
1.72397e+18, 33, 91, 0, 0, 2250, 98234, 278044856004
1.72397e+18, 33, 91, 0, 0, 2250, 98234, 278044856004
1.72397e+18, 33, 91, 0, 0, 2250, 98234, 278044856004
1.72397e+18, 33, 91, 0, 0, 2250, 98234, 278044856004
1.72397e+18, 33, 91, 0, 0, 2250, 98234, 278044856004
1.72397e+18, 33, 91, 0, 0, 2250, 98234, 278044856004
1.72397e+18, 33, 91, 0, 0, 2250, 98234, 278044856004
1.72397e+18, 33, 91, 0, 0, 2250, 98234, 278044865138
1.72397e+18, 33, 91, 0, 0, 2250, 98234, 278044865138
1.72397e+18, 33, 91, 0, 0, 2250, 98234, 278044865138
1.72397e+18, 33, 91, 0, 0, 2250, 98234, 278044865138
1.72397e+18, 33, 91, 0, 0, 2250, 98234, 278044865138
1.72397e+18, 33, 91, 0, 0, 2250, 98234, 278044865138
1.72397e+18, 33, 91, 0, 0, 2250, 98234, 278044865138
1.72397e+18, 33, 91, 0, 0, 2250, 98234, 278044865138
1.72397e+18, 33, 91, 0, 0, 2250, 98234, 278044865138
1.72397e+18, 33, 91, 0, 0, 2250, 98234, 278044865138
1.72397e+18, 33, 91, 0, 0, 2250, 98234, 278044865138
1.72397e+18, 33, 91, 0, 0, 2250, 98234, 278044865138
1.72397e+18, 33, 91, 0, 0, 2250, 98234, 278044865138
1.72397e+18, 33, 91, 0, 0, 2250, 98234, 278044865138
1.72397e+18, 33, 91, 0, 0, 2250, 98234, 278044865138
1.72397e+18, 33, 91, 0, 0, 2250, 98234, 278044865138
1.72397e+18, 33, 91, 0, 0, 2250, 98234, 278044865138
1.72397e+18, 33, 91, 0, 0, 2250, 98234, 278044865138
1.72397e+18, 33, 91, 0, 0, 2250, 98234, 278044865138
1.72397e+18, 33, 91, 0, 0, 2250, 98234, 278044865138
1.72397e+18, 33, 91, 0, 0, 2250, 98234, 278044865138
1.72397e+18, 33, 91, 0, 0, 2250, 98234, 278044865138
1.72397e+18, 33, 91, 0, 0, 2250, 98234, 278044874211
1.72397e+18, 33, 91, 0, 0, 2250, 98234, 278044874211
1.72397e+18, 33, 91, 0, 0, 2250, 98234, 278044874211
1.72397e+18, 33, 91, 0, 0, 2250, 98234, 278044874211
1.72397e+18, 33, 91, 0, 0, 2250, 98234, 278044874211
1.72397e+18, 33, 91, 0, 0, 2250, 98234, 278044874211
1.72397e+18, 33, 91, 0, 0, 2250, 98234, 278044874211
1.72397e+18, 33, 91, 0, 0, 2250, 98234, 278044874211
1.72397e+18, 33, 91, 0, 0, 2250, 98234, 278044874211
1.72397e+18, 33, 91, 0, 0, 2250, 98234, 278044874211
1.72397e+18, 33, 91, 0, 0, 2250, 98234, 278044874211
1.72397e+18, 33, 91, 0, 0, 2250, 98234, 278044874211
1.72397e+18, 33, 91, 0, 0, 2250, 98234, 278044874211
1.72397e+18, 33, 91, 0, 0, 2250, 98234, 278044874211
1.72397e+18, 33, 91, 0, 0, 2250, 98234, 278044874211
1.72397e+18, 33, 91, 0, 0, 2250, 98234, 278044874211
1.72397e+18, 33, 91, 0, 0, 2250, 98234, 278044874211
1.72397e+18, 33, 91, 0, 0, 2250, 98234, 278044874211
1.72397e+18, 33, 91, 0, 0, 2250, 98234, 278044874211
1.72397e+18, 33, 91, 0, 0, 2250, 98234, 278044874211
1.72397e+18, 33, 91, 0, 0, 2250, 98234, 278044874211
1.72397e+18, 33, 91, 0, 0, 2250, 98234, 278044874211
1.72397e+18, 33, 91, 0, 0, 2250, 98234, 278044874211
1.72397e+18, 33, 91, 0, 0, 2250, 98234, 278044874211
1.72397e+18, 33, 91, 0, 0, 2250, 98234, 278044883373
1.72397e+18, 33, 91, 0, 0, 2250, 98234, 278044883373
1.72397e+18, 33, 91, 0, 0, 2250, 98234, 278044883373
1.72397e+18, 33, 91, 0, 0, 2250, 98234, 278044883373
1.72397e+18, 33, 91, 0, 0, 2250, 98234, 278044883373
1.72397e+18, 33, 91, 0, 0, 2250, 98234, 278044883373
1.72397e+18, 33, 91, 0, 0, 2250, 98234, 278044883373
1.72397e+18, 33, 91, 0, 0, 2250, 98234, 278044883373
1.72397e+18, 33, 91, 0, 0, 2250, 98234, 278044883373
1.72397e+18, 33, 91, 0, 0, 2250, 98234, 278044883373
1.72397e+18, 33, 91, 0, 0, 2250, 98234, 278044883373
1.72397e+18, 33, 91, 0, 0, 2250, 98234, 278044883373
1.72397e+18, 33, 91, 0, 0, 2250, 98234, 278044883373
1.72397e+18, 33, 91, 0, 0, 2250, 98234, 278044883373
1.72397e+18, 33, 91, 0, 0, 2250, 98234, 278044883373
1.72397e+18, 33, 91, 0, 0, 2250, 98234, 278044883373
1.72397e+18, 33, 91, 0, 0, 2250, 98234, 278044883373
1.72397e+18, 33, 91, 0, 0, 2250, 98234, 278044883373
1.72397e+18, 33, 91, 0, 0, 2250, 98234, 278044883373
1.72397e+18, 33, 91, 0, 0, 2250, 98234, 278044883373
1.72397e+18, 33, 91, 0, 0, 2250, 98234, 278044883373
1.72397e+18, 33, 91, 0, 0, 2250, 98234, 278044883373
1.72397e+18, 33, 91, 0, 0, 2250, 98234, 278044883373
1.72397e+18, 33, 91, 0, 0, 2250, 98234, 278044892448
1.72397e+18, 33, 91, 0, 0, 2250, 98234, 278044892448
1.72397e+18, 33, 91, 0, 0, 2250, 98234, 278044892448
1.72397e+18, 33, 91, 0, 0, 2250, 98234, 278044892448
1.72397e+18, 33, 91, 0, 0, 2250, 98234, 278044892448
1.72397e+18, 33, 91, 0, 0, 2250, 98234, 278044892448
1.72397e+18, 33, 91, 0, 0, 2250, 98234, 278044892448
1.72397e+18, 33, 91, 0, 0, 2250, 98234, 278044892448
1.72397e+18, 33, 91, 0, 0, 2250, 98234, 278044892448
1.72397e+18, 33, 91, 0, 0, 2250, 98234, 278044892448
1.72397e+18, 33, 91, 0, 0, 2250, 98234, 278044892448
1.72397e+18, 33, 91, 0, 0, 2250, 98234, 278044892448
1.72397e+18, 33, 91, 0, 0, 2250, 98234, 278044892448
1.72397e+18, 33, 91, 0, 0, 2250, 98234, 278044892448
1.72397e+18, 33, 91, 0, 0, 2250, 98234, 278044892448
1.72397e+18, 33, 91, 0, 0, 2250, 98234, 278044892448
1.72397e+18, 33, 91, 0, 0, 2250, 98234, 278044892448
1.72397e+18, 33, 91, 0, 0, 2250, 98234, 278044892448
1.72397e+18, 33, 91, 0, 0, 2250, 98234, 278044892448
1.72397e+18, 33, 91, 0, 0, 2250, 98234, 278044892448
1.72397e+18, 33, 91, 0, 0, 2250, 98234, 278044892448
1.72397e+18, 33, 91, 0, 0, 2250, 98234, 278044892448
1.72397e+18, 33, 91, 0, 0, 2250, 98234, 278044892448
1.72397e+18, 33, 91, 0, 0, 2250, 98234, 278044892448
1.72397e+18, 33, 91, 0, 0, 2250, 98234, 278044901574
1.72397e+18, 33, 91, 0, 0, 2250, 98234, 278044901574
1.72397e+18, 33, 91, 0, 0, 2250, 98234, 278044901574
1.72397e+18, 33, 91, 0, 0, 2250, 98234, 278044901574
1.72397e+18, 33, 91, 0, 0, 2250, 98234, 278044901574
1.72397e+18, 33, 91, 0, 0, 2250, 98234, 278044901574
1.72397e+18, 33, 91, 0, 0, 2250, 98234, 278044901574
1.72397e+18, 33, 91, 0, 0, 2250, 98234, 278044901574
1.72397e+18, 33, 91, 0, 0, 2250, 98234, 278044901574
1.72397e+18, 33, 91, 0, 0, 2250, 98234, 278044901574
1.72397e+18, 33, 91, 0, 0, 2250, 98234, 278044901574
1.72397e+18, 33, 91, 0, 0, 2250, 98234, 278044901574
1.72397e+18, 33, 91, 0, 0, 2250, 98234, 278044901574
1.72397e+18, 33, 91, 0, 0, 2250, 98234, 278044901574
1.72397e+18, 33, 91, 0, 0, 2250, 98234, 278044901574
1.72397e+18, 33, 91, 0, 0, 2250, 98234, 278044901574
1.72397e+18, 33, 91, 0, 0, 2250, 98234, 278044901574
1.72397e+18, 33, 91, 0, 0, 2250, 98234, 278044901574
1.72397e+18, 33, 91, 0, 0, 2250, 98234, 278044901574
1.72397e+18, 33, 91, 0, 0, 2250, 98234, 278044901574
1.72397e+18, 33, 91, 0, 0, 2250, 98234, 278044901574
1.72397e+18, 33, 91, 0, 0, 2250, 98234, 278044901574
1.72397e+18, 33, 91, 0, 0, 2250, 98234, 278044901574
1.72397e+18, 33, 91, 0, 0, 2250, 98234, 278044901574
1.72397e+18, 33, 91, 0, 0, 2250, 98234, 278044910682
1.72397e+18, 33, 91, 0, 0, 2250, 98234, 278044910682
1.72397e+18, 33, 91, 0, 0, 2250, 98234, 278044910682
1.72397e+18, 33, 91, 0, 0, 2250, 98234, 278044910682
1.72397e+18, 33, 91, 0, 0, 2250, 98234, 278044910682
1.72397e+18, 33, 91, 0, 0, 2250, 98234, 278044910682
1.72397e+18, 33, 91, 0, 0, 2250, 98234, 278044910682
1.72397e+18, 33, 91, 0, 0, 2250, 98234, 278044910682
1.72397e+18, 33, 91, 0, 0, 2250, 98234, 278044910682
1.72397e+18, 33, 91, 0, 0, 2250, 98234, 278044910682
1.72397e+18, 33, 91, 0, 0, 2250, 98234, 278044910682
1.72397e+18, 33, 91, 0, 0, 2250, 98234, 278044910682
1.72397e+18, 33, 91, 0, 0, 2250, 98234, 278044910682
1.72397e+18, 33, 91, 0, 0, 2250, 98234, 278044910682
1.72397e+18, 33, 91, 0, 0, 2250, 98234, 278044910682
1.72397e+18, 33, 91, 0, 0, 2250, 98234, 278044910682
1.72397e+18, 33, 91, 0, 0, 2250, 98234, 278044910682
1.72397e+18, 33, 91, 0, 0, 2250, 98234, 278044910682
1.72397e+18, 33, 91, 0, 0, 2250, 98234, 278044910682
1.72397e+18, 33, 91, 0, 0, 2250, 98234, 278044910682
1.72397e+18, 33, 91, 0, 0, 2250, 98234, 278044910682
1.72397e+18, 33, 91, 0, 0, 2250, 98234, 278044910682
1.72397e+18, 33, 91, 0, 0, 2250, 98234, 278044910682
1.72397e+18, 33, 91, 0, 0, 2250, 98234, 278044910682
1.72397e+18, 33, 91, 0, 0, 2250, 98234, 278044919771
1.72397e+18, 33, 91, 0, 0, 2250, 98234, 278044919771
1.72397e+18, 33, 91, 0, 0, 2250, 98234, 278044919771
1.72397e+18, 33, 91, 0, 0, 2250, 98234, 278044919771
1.72397e+18, 33, 91, 0, 0, 2250, 98234, 278044919771
1.72397e+18, 33, 91, 0, 0, 2250, 98234, 278044919771
1.72397e+18, 33, 91, 0, 0, 2250, 98234, 278044919771
1.72397e+18, 33, 91, 0, 0, 2250, 98234, 278044919771
1.72397e+18, 33, 91, 0, 0, 2250, 98234, 278044919771
1.72397e+18, 33, 91, 0, 0, 2250, 98234, 278044919771
1.72397e+18, 33, 91, 0, 0, 2250, 98234, 278044919771
1.72397e+18, 33, 91, 0, 0, 2250, 98234, 278044919771
1.72397e+18, 33, 91, 0, 0, 2250, 98234, 278044919771
1.72397e+18, 33, 91, 0, 0, 2250, 98234, 278044919771
1.72397e+18, 33, 91, 0, 0, 2250, 98234, 278044919771
1.72397e+18, 33, 91, 0, 0, 2250, 98234, 278044919771
1.72397e+18, 33, 91, 0, 0, 2250, 98234, 278044919771
1.72397e+18, 33, 91, 0, 0, 2250, 98234, 278044919771
1.72397e+18, 33, 91, 0, 0, 2250, 98234, 278044919771
1.72397e+18, 33, 91, 0, 0, 2250, 98234, 278044919771
1.72397e+18, 33, 91, 0, 0, 2250, 98234, 278044919771
1.72397e+18, 33, 91, 0, 0, 2250, 98234, 278044919771
1.72397e+18, 33, 91, 0, 0, 2250, 98234, 278044919771
1.72397e+18, 33, 91, 0, 0, 2250, 98234, 278044919771
1.72397e+18, 33, 91, 0, 0, 2250, 98234, 278044928881
1.72397e+18, 33, 91, 0, 0, 2250, 98234, 278044928881
1.72397e+18, 33, 91, 0, 0, 2250, 98234, 278044928881
1.72397e+18, 33, 91, 0, 0, 2250, 98234, 278044928881
1.72397e+18, 33, 91, 0, 0, 2250, 98234, 278044928881
1.72397e+18, 33, 91, 0, 0, 2250, 98234, 278044928881
1.72397e+18, 33, 91, 0, 0, 2250, 98234, 278044928881
1.72397e+18, 33, 91, 0, 0, 2250, 98234, 278044928881
1.72397e+18, 33, 91, 0, 0, 2250, 98234, 278044928881
1.72397e+18, 33, 91, 0, 0, 2250, 98234, 278044928881
1.72397e+18, 33, 91, 0, 0, 2250, 98234, 278044928881
1.72397e+18, 33, 91, 0, 0, 2250, 98234, 278044928881
1.72397e+18, 33, 91, 0, 0, 2250, 98234, 278044928881
1.72397e+18, 33, 91, 0, 0, 2250, 98234, 278044928881
1.72397e+18, 33, 91, 0, 0, 2250, 98234, 278044928881
1.72397e+18, 33, 91, 0, 0, 2250, 98234, 278044928881
1.72397e+18, 33, 91, 0, 0, 2250, 98234, 278044928881
1.72397e+18, 33, 91, 0, 0, 2250, 98234, 278044928881
1.72397e+18, 33, 91, 0, 0, 2250, 98234, 278044928881
1.72397e+18, 33, 91, 0, 0, 2250, 98234, 278044928881
1.72397e+18, 33, 91, 0, 0, 2250, 98234, 278044928881
1.72397e+18, 33, 91, 0, 0, 2250, 98234, 278044928881
1.72397e+18, 33, 91, 0, 0, 2250, 98234, 278044928881
1.72397e+18, 33, 91, 0, 0, 2250, 98234, 278044937972
1.72397e+18, 33, 91, 0, 0, 2250, 98234, 278044937972
1.72397e+18, 33, 91, 0, 0, 2250, 98234, 278044937972
1.72397e+18, 33, 91, 0, 0, 2250, 98234, 278044937972
1.72397e+18, 33, 91, 0, 0, 2250, 98234, 278044937972
1.72397e+18, 33, 91, 0, 0, 2250, 98234, 278044937972
1.72397e+18, 33, 91, 0, 0, 2250, 98234, 278044937972
1.72397e+18, 33, 91, 0, 0, 2250, 98234, 278044937972
1.72397e+18, 33, 91, 0, 0, 2250, 98234, 278044937972
1.72397e+18, 33, 91, 0, 0, 2250, 98234, 278044937972
1.72397e+18, 33, 91, 0, 0, 2250, 98234, 278044937972
1.72397e+18, 33, 91, 0, 0, 2250, 98234, 278044937972
1.72397e+18, 33, 91, 0, 0, 2250, 98234, 278044937972
1.72397e+18, 33, 91, 0, 0, 2250, 98234, 278044937972
1.72397e+18, 33, 91, 0, 0, 2250, 98234, 278044937972
1.72397e+18, 33, 91, 0, 0, 2250, 98234, 278044937972
1.72397e+18, 33, 91, 0, 0, 2250, 98234, 278044937972
1.72397e+18, 33, 91, 0, 0, 2250, 98234, 278044937972
1.72397e+18, 33, 91, 0, 0, 2250, 98234, 278044937972
1.72397e+18, 33, 91, 0, 0, 2250, 98234, 278044937972
1.72397e+18, 33, 91, 0, 0, 2250, 98234, 278044937972
1.72397e+18, 33, 91, 0, 0, 2250, 98234, 278044937972
1.72397e+18, 33, 91, 0, 0, 2250, 98234, 278044937972
1.72397e+18, 33, 91, 0, 0, 2250, 98234, 278044947107
1.72397e+18, 33, 91, 0, 0, 2250, 98234, 278044947107
1.72397e+18, 33, 91, 0, 0, 2250, 98234, 278044947107
1.72397e+18, 33, 91, 0, 0, 2250, 98234, 278044947107
1.72397e+18, 33, 91, 0, 0, 2250, 98234, 278044947107
1.72397e+18, 33, 91, 0, 0, 2250, 98234, 278044947107
1.72397e+18, 33, 91, 0, 0, 2250, 98234, 278044947107
1.72397e+18, 33, 91, 0, 0, 2250, 98234, 278044947107
1.72397e+18, 33, 91, 0, 0, 2250, 98234, 278044947107
1.72397e+18, 33, 91, 0, 0, 2250, 98234, 278044947107
1.72397e+18, 33, 91, 0, 0, 2250, 98234, 278044947107
1.72397e+18, 33, 91, 0, 0, 2250, 98234, 278044947107
1.72397e+18, 33, 91, 0, 0, 2250, 98234, 278044947107
1.72397e+18, 33, 91, 0, 0, 2250, 98234, 278044947107
1.72397e+18, 33, 91, 0, 0, 2250, 98234, 278044947107
1.72397e+18, 33, 91, 0, 0, 2250, 98234, 278044947107
1.72397e+18, 33, 91, 0, 0, 2250, 98234, 278044947107
1.72397e+18, 33, 91, 0, 0, 2250, 98234, 278044947107
1.72397e+18, 33, 91, 0, 0, 2250, 98234, 278044947107
1.72397e+18, 33, 91, 0, 0, 2250, 98234, 278044947107
1.72397e+18, 33, 91, 0, 0, 2250, 98234, 278044947107
1.72397e+18, 33, 91, 0, 0, 2250, 98234, 278044947107
1.72397e+18, 33, 91, 0, 0, 2250, 98234, 278044947107
1.72397e+18, 33, 91, 0, 0, 2250, 98234, 278044956188
1.72397e+18, 33, 91, 0, 0, 2250, 98234, 278044956188
1.72397e+18, 33, 91, 0, 0, 2250, 98234, 278044956188
1.72397e+18, 33, 91, 0, 0, 2250, 98234, 278044956188
1.72397e+18, 33, 91, 0, 0, 2250, 98234, 278044956188
1.72397e+18, 33, 91, 0, 0, 2250, 98234, 278044956188
1.72397e+18, 33, 91, 0, 0, 2250, 98234, 278044956188
1.72397e+18, 33, 91, 0, 0, 2250, 98234, 278044956188
1.72397e+18, 33, 91, 0, 0, 2250, 98234, 278044956188
1.72397e+18, 33, 91, 0, 0, 2250, 98234, 278044956188
1.72397e+18, 33, 91, 0, 0, 2250, 98234, 278044956188
1.72397e+18, 33, 91, 0, 0, 2250, 98234, 278044956188
1.72397e+18, 33, 91, 0, 0, 2250, 98234, 278044956188
1.72397e+18, 33, 91, 0, 0, 2250, 98234, 278044956188
1.72397e+18, 33, 91, 0, 0, 2250, 98234, 278044956188
1.72397e+18, 33, 91, 0, 0, 2250, 98234, 278044956188
1.72397e+18, 33, 91, 0, 0, 2250, 98234, 278044956188
1.72397e+18, 33, 91, 0, 0, 2250, 98234, 278044956188
1.72397e+18, 33, 91, 0, 0, 2250, 98234, 278044956188
1.72397e+18, 33, 91, 0, 0, 2250, 98234, 278044956188
1.72397e+18, 33, 91, 0, 0, 2250, 98234, 278044956188
1.72397e+18, 33, 91, 0, 0, 2250, 98234, 278044956188
1.72397e+18, 33, 91, 0, 0, 2250, 98234, 278044956188
1.72397e+18, 33, 91, 0, 0, 2250, 98234, 278044956188
1.72397e+18, 33, 91, 0, 0, 2250, 98234, 278044965317
1.72397e+18, 33, 91, 0, 0, 2250, 98234, 278044965317
1.72397e+18, 33, 91, 0, 0, 2250, 98234, 278044965317
1.72397e+18, 33, 91, 0, 0, 2250, 98234, 278044965317
1.72397e+18, 33, 91, 0, 0, 2250, 98234, 278044965317
1.72397e+18, 33, 91, 0, 0, 2250, 98234, 278044965317
1.72397e+18, 33, 91, 0, 0, 2250, 98234, 278044965317
1.72397e+18, 33, 91, 0, 0, 2250, 98234, 278044965317
1.72397e+18, 33, 91, 0, 0, 2250, 98234, 278044965317
1.72397e+18, 33, 91, 0, 0, 2250, 98234, 278044965317
1.72397e+18, 33, 91, 0, 0, 2250, 98234, 278044965317
1.72397e+18, 33, 91, 0, 0, 2250, 98234, 278044965317
1.72397e+18, 33, 91, 0, 0, 2250, 98234, 278044965317
1.72397e+18, 33, 91, 0, 0, 2250, 98234, 278044965317
1.72397e+18, 33, 91, 0, 0, 2250, 98234, 278044965317
1.72397e+18, 33, 91, 0, 0, 2250, 98234, 278044965317
1.72397e+18, 33, 91, 0, 0, 2250, 98234, 278044965317
1.72397e+18, 33, 91, 0, 0, 2250, 98234, 278044965317
1.72397e+18, 33, 91, 0, 0, 2250, 98234, 278044965317
1.72397e+18, 33, 91, 0, 0, 2250, 98234, 278044965317
1.72397e+18, 33, 91, 0, 0, 2250, 98234, 278044965317
1.72397e+18, 33, 91, 0, 0, 2250, 98234, 278044965317
1.72397e+18, 33, 91, 0, 0, 2250, 98234, 278044965317
1.72397e+18, 33, 91, 0, 0, 2250, 98234, 278044965317
1.72397e+18, 33, 91, 0, 0, 2250, 98234, 278044974423
1.72397e+18, 33, 91, 0, 0, 2250, 98234, 278044974423
1.72397e+18, 33, 91, 0, 0, 2250, 98234, 278044974423
1.72397e+18, 33, 91, 0, 0, 2250, 98234, 278044974423
1.72397e+18, 33, 91, 0, 0, 2250, 98234, 278044974423
1.72397e+18, 33, 91, 0, 0, 2250, 98234, 278044974423
1.72397e+18, 33, 91, 0, 0, 2250, 98234, 278044974423
1.72397e+18, 33, 91, 0, 0, 2250, 98234, 278044974423
1.72397e+18, 33, 91, 0, 0, 2250, 98234, 278044974423
1.72397e+18, 33, 91, 0, 0, 2250, 98234, 278044974423
1.72397e+18, 33, 91, 0, 0, 2250, 98234, 278044974423
1.72397e+18, 33, 91, 0, 0, 2250, 98234, 278044974423
1.72397e+18, 33, 91, 0, 0, 2250, 98234, 278044974423
1.72397e+18, 33, 91, 0, 0, 2250, 98234, 278044974423
1.72397e+18, 33, 91, 0, 0, 2250, 98234, 278044974423
1.72397e+18, 33, 91, 0, 0, 2250, 98234, 278044974423
1.72397e+18, 33, 91, 0, 0, 2250, 98234, 278044974423
1.72397e+18, 33, 91, 0, 0, 2250, 98234, 278044974423
1.72397e+18, 33, 91, 0, 0, 2250, 98234, 278044974423
1.72397e+18, 33, 91, 0, 0, 2250, 98234, 278044974423
1.72397e+18, 33, 91, 0, 0, 2250, 98234, 278044974423
1.72397e+18, 33, 91, 0, 0, 2250, 98234, 278044974423
1.72397e+18, 33, 91, 0, 0, 2250, 98234, 278044983499
1.72397e+18, 33, 91, 0, 0, 2250, 98234, 278044983499
1.72397e+18, 33, 91, 0, 0, 2250, 98234, 278044983499
1.72397e+18, 33, 91, 0, 0, 2250, 98234, 278044983499
1.72397e+18, 33, 91, 0, 0, 2250, 98234, 278044983499
1.72397e+18, 33, 91, 0, 0, 2250, 98234, 278044983499
1.72397e+18, 33, 91, 0, 0, 2250, 98234, 278044983499
1.72397e+18, 33, 91, 0, 0, 2250, 98234, 278044983499
1.72397e+18, 33, 91, 0, 0, 2250, 98234, 278044983499
1.72397e+18, 33, 91, 0, 0, 2250, 98234, 278044983499
1.72397e+18, 33, 91, 0, 0, 2250, 98234, 278044983499
1.72397e+18, 33, 91, 0, 0, 2250, 98234, 278044983499
1.72397e+18, 33, 91, 0, 0, 2250, 98234, 278044983499
1.72397e+18, 33, 91, 0, 0, 2250, 98234, 278044983499
1.72397e+18, 33, 91, 0, 0, 2250, 98234, 278044983499
1.72397e+18, 33, 91, 0, 0, 2250, 98234, 278044983499
1.72397e+18, 33, 91, 0, 0, 2250, 98234, 278044983499
1.72397e+18, 33, 91, 0, 0, 2250, 98234, 278044983499
1.72397e+18, 33, 91, 0, 0, 2250, 98234, 278044983499
1.72397e+18, 33, 91, 0, 0, 2250, 98234, 278044983499
1.72397e+18, 33, 91, 0, 0, 2250, 98234, 278044983499
1.72397e+18, 33, 91, 0, 0, 2250, 98234, 278044983499
1.72397e+18, 33, 91, 0, 0, 2250, 98234, 278044983499
1.72397e+18, 33, 91, 0, 0, 2250, 98234, 278044992611
1.72397e+18, 33, 91, 0, 0, 2250, 98234, 278044992611
1.72397e+18, 33, 91, 0, 0, 2250, 98234, 278044992611
1.72397e+18, 33, 91, 0, 0, 2250, 98234, 278044992611
1.72397e+18, 33, 91, 0, 0, 2250, 98234, 278044992611
1.72397e+18, 33, 91, 0, 0, 2250, 98234, 278044992611
1.72397e+18, 33, 91, 0, 0, 2250, 98234, 278044992611
1.72397e+18, 33, 91, 0, 0, 2250, 98234, 278044992611
1.72397e+18, 33, 91, 0, 0, 2250, 98234, 278044992611
1.72397e+18, 33, 91, 0, 0, 2250, 98234, 278044992611
1.72397e+18, 33, 91, 0, 0, 2250, 98234, 278044992611
1.72397e+18, 33, 91, 0, 0, 2250, 98234, 278044992611
1.72397e+18, 33, 91, 0, 0, 2250, 98234, 278044992611
1.72397e+18, 33, 91, 0, 0, 2250, 98234, 278044992611
1.72397e+18, 33, 91, 0, 0, 2250, 98234, 278044992611
1.72397e+18, 33, 91, 0, 0, 2250, 98234, 278044992611
1.72397e+18, 33, 91, 0, 0, 2250, 98234, 278044992611
1.72397e+18, 33, 91, 0, 0, 2250, 98234, 278044992611
1.72397e+18, 33, 91, 0, 0, 2250, 98234, 278044992611
1.72397e+18, 33, 91, 0, 0, 2250, 98234, 278044992611
1.72397e+18, 33, 91, 0, 0, 2250, 98234, 278044992611
1.72397e+18, 33, 91, 0, 0, 2250, 98234, 278044992611
1.72397e+18, 33, 91, 0, 0, 2250, 98234, 278044992611
1.72397e+18, 33, 91, 0, 0, 2250, 98234, 278044992611
1.72397e+18, 33, 91, 0, 0, 2250, 98234, 278045001751
1.72397e+18, 33, 91, 0, 0, 2250, 98234, 278045001751
1.72397e+18, 33, 91, 0, 0, 2250, 98234, 278045001751
1.72397e+18, 33, 91, 0, 0, 2250, 98234, 278045001751
1.72397e+18, 33, 91, 0, 0, 2250, 98234, 278045001751
1.72397e+18, 33, 91, 0, 0, 2250, 98234, 278045001751
1.72397e+18, 33, 91, 0, 0, 2250, 98234, 278045001751
1.72397e+18, 33, 91, 0, 0, 2250, 98234, 278045001751
1.72397e+18, 33, 91, 0, 0, 2250, 98234, 278045001751
1.72397e+18, 33, 91, 0, 0, 2250, 98234, 278045001751
1.72397e+18, 33, 91, 0, 0, 2250, 98234, 278045001751
1.72397e+18, 33, 91, 0, 0, 2250, 98234, 278045001751
1.72397e+18, 33, 91, 0, 0, 2250, 98234, 278045001751
1.72397e+18, 33, 91, 0, 0, 2250, 98234, 278045001751
1.72397e+18, 33, 91, 0, 0, 2250, 98234, 278045001751
1.72397e+18, 33, 91, 0, 0, 2250, 98234, 278045001751
1.72397e+18, 33, 91, 0, 0, 2250, 98234, 278045001751
1.72397e+18, 33, 91, 0, 0, 2250, 98234, 278045001751
1.72397e+18, 33, 91, 0, 0, 2250, 98234, 278045001751
1.72397e+18, 33, 91, 0, 0, 2250, 98234, 278045001751
1.72397e+18, 33, 91, 0, 0, 2250, 98234, 278045001751
1.72397e+18, 33, 91, 0, 0, 2250, 98234, 278045001751
1.72397e+18, 33, 91, 0, 0, 2250, 98234, 278045001751
1.72397e+18, 33, 91, 0, 0, 2250, 98234, 278045010828
1.72397e+18, 33, 91, 0, 0, 2250, 98234, 278045010828
1.72397e+18, 33, 91, 0, 0, 2250, 98234, 278045010828
1.72397e+18, 33, 91, 0, 0, 2250, 98234, 278045010828
1.72397e+18, 33, 91, 0, 0, 2250, 98234, 278045010828
1.72397e+18, 33, 91, 0, 0, 2250, 98234, 278045010828
1.72397e+18, 33, 91, 0, 0, 2250, 98234, 278045010828
1.72397e+18, 33, 91, 0, 0, 2250, 98234, 278045010828
1.72397e+18, 33, 91, 0, 0, 2250, 98234, 278045010828
1.72397e+18, 33, 91, 1, 0, 2250, 98234, 278045010828
1.72397e+18, 33, 91, 1, 0, 2250, 98234, 278045010828
1.72397e+18, 33, 91, 1, 0, 2250, 98234, 278045010828
1.72397e+18, 33, 91, 1, 0, 2250, 98234, 278045010828
1.72397e+18, 33, 91, 1, 0, 2250, 98234, 278045010828
1.72397e+18, 33, 91, 1, 0, 2250, 98234, 278045010828
1.72397e+18, 33, 91, 1, 0, 2250, 98234, 278045010828
1.72397e+18, 33, 91, 1, 0, 2250, 98234, 278045010828
1.72397e+18, 33, 91, 1, 0, 2250, 98234, 278045010828
1.72397e+18, 33, 91, 1, 0, 2250, 98234, 278045010828
1.72397e+18, 33, 91, 1, 0, 2250, 98234, 278045010828
1.72397e+18, 33, 91, 1, 0, 2250, 98234, 278045010828
1.72397e+18, 33, 91, 1, 0, 2250, 98234, 278045010828
1.72397e+18, 33, 91, 1, 0, 2250, 98234, 278045019936
1.72397e+18, 33, 91, 1, 0, 2250, 98234, 278045019936
1.72397e+18, 33, 91, 1, 0, 2250, 98234, 278045019936
1.72397e+18, 33, 91, 1, 0, 2250, 98234, 278045019936
1.72397e+18, 33, 91, 1, 0, 2250, 98234, 278045019936
1.72397e+18, 33, 91, 1, 0, 2250, 98234, 278045019936
1.72397e+18, 33, 91, 1, 0, 2250, 98234, 278045019936
1.72397e+18, 33, 91, 1, 0, 2250, 98234, 278045019936
1.72397e+18, 33, 91, 1, 0, 2250, 98234, 278045019936
1.72397e+18, 33, 91, 1, 0, 2250, 98234, 278045019936
1.72397e+18, 33, 91, 1, 0, 2250, 98234, 278045019936
1.72397e+18, 33, 91, 1, 0, 2250, 98234, 278045019936
1.72397e+18, 33, 91, 1, 0, 2250, 98234, 278045019936
1.72397e+18, 33, 91, 1, 0, 2250, 98234, 278045019936
1.72397e+18, 33, 91, 1, 0, 2250, 98234, 278045019936
1.72397e+18, 33, 91, 1, 0, 2250, 98234, 278045019936
1.72397e+18, 33, 91, 1, 0, 2250, 98234, 278045019936
1.72397e+18, 33, 91, 1, 0, 2250, 98234, 278045019936
1.72397e+18, 33, 91, 1, 0, 2250, 98234, 278045019936
1.72397e+18, 33, 91, 1, 0, 2250, 98234, 278045019936
1.72397e+18, 33, 91, 1, 0, 2250, 98234, 278045019936
1.72397e+18, 33, 91, 1, 0, 2250, 98234, 278045019936
1.72397e+18, 33, 91, 1, 0, 2250, 98234, 278045019936
1.72397e+18, 33, 91, 1, 0, 2250, 98234, 278045029071
1.72397e+18, 33, 91, 1, 0, 2250, 98234, 278045029071
1.72397e+18, 33, 91, 1, 0, 2250, 98234, 278045029071
1.72397e+18, 33, 91, 1, 0, 2250, 98234, 278045029071
1.72397e+18, 33, 91, 1, 0, 2250, 98234, 278045029071
1.72397e+18, 33, 91, 1, 0, 2250, 98234, 278045029071
1.72397e+18, 33, 91, 1, 0, 2250, 98234, 278045029071
1.72397e+18, 33, 91, 1, 0, 2250, 98234, 278045029071
1.72397e+18, 33, 91, 1, 0, 2250, 98234, 278045029071
1.72397e+18, 33, 91, 1, 0, 2250, 98234, 278045029071
1.72397e+18, 33, 91, 1, 0, 2250, 98234, 278045029071
1.72397e+18, 33, 91, 1, 0, 2250, 98234, 278045029071
1.72397e+18, 33, 91, 1, 0, 2250, 98234, 278045029071
1.72397e+18, 33, 91, 0, 0, 2250, 98234, 278045029071
1.72397e+18, 33, 91, 0, 0, 2250, 98234, 278045029071
1.72397e+18, 33, 91, 0, 0, 2250, 98234, 278045029071
1.72397e+18, 33, 91, 0, 0, 2250, 98234, 278045029071
1.72397e+18, 33, 91, 0, 0, 2250, 98234, 278045029071
1.72397e+18, 33, 91, 0, 0, 2250, 98234, 278045029071
1.72397e+18, 33, 91, 0, 0, 2250, 98234, 278045029071
1.72397e+18, 33, 91, 0, 0, 2250, 98234, 278045029071
1.72397e+18, 33, 91, 0, 0, 2250, 98234, 278045029071
1.72397e+18, 33, 91, 0, 0, 2250, 98234, 278045029071
1.72397e+18, 33, 91, 0, 0, 2250, 98234, 278045038159
1.72397e+18, 33, 91, 0, 0, 2250, 98234, 278045038159
1.72397e+18, 33, 91, 0, 0, 2250, 98234, 278045038159
1.72397e+18, 33, 91, 0, 0, 2250, 98234, 278045038159
1.72397e+18, 33, 91, 0, 0, 2250, 98234, 278045038159
1.72397e+18, 33, 91, 0, 0, 2250, 98234, 278045038159
1.72397e+18, 33, 91, 0, 0, 2250, 98234, 278045038159
1.72397e+18, 33, 91, 0, 0, 2250, 98234, 278045038159
1.72397e+18, 33, 91, 0, 0, 2250, 98234, 278045038159
1.72397e+18, 33, 91, 0, 0, 2250, 98234, 278045038159
1.72397e+18, 33, 91, 0, 0, 2250, 98234, 278045038159
1.72397e+18, 33, 91, 0, 0, 2250, 98234, 278045038159
1.72397e+18, 33, 91, 0, 0, 2250, 98234, 278045038159
1.72397e+18, 33, 91, 0, 0, 2250, 98234, 278045038159
1.72397e+18, 33, 91, 0, 0, 2250, 98234, 278045038159
1.72397e+18, 33, 91, 0, 0, 2250, 98234, 278045038159
1.72397e+18, 33, 91, 0, 0, 2250, 98234, 278045038159
1.72397e+18, 33, 91, 0, 0, 2250, 98234, 278045038159
1.72397e+18, 33, 91, 0, 0, 2250, 98234, 278045038159
1.72397e+18, 33, 91, 0, 0, 2250, 98234, 278045038159
1.72397e+18, 33, 91, 0, 0, 2250, 98234, 278045038159
1.72397e+18, 33, 91, 0, 0, 2250, 98234, 278045038159
1.72397e+18, 33, 91, 0, 0, 2250, 98234, 278045038159
1.72397e+18, 33, 91, 0, 0, 2250, 98234, 278045038159
1.72397e+18, 33, 91, 0, 0, 2250, 98234, 278045047314
1.72397e+18, 33, 91, 0, 0, 2250, 98234, 278045047314
1.72397e+18, 33, 91, 0, 0, 2250, 98234, 278045047314
1.72397e+18, 33, 91, 0, 0, 2250, 98234, 278045047314
1.72397e+18, 33, 91, 0, 0, 2250, 98234, 278045047314
1.72397e+18, 33, 91, 0, 0, 2250, 98234, 278045047314
1.72397e+18, 33, 91, 0, 0, 2250, 98234, 278045047314
1.72397e+18, 33, 91, 0, 0, 2250, 98234, 278045047314
1.72397e+18, 33, 91, 0, 0, 2250, 98234, 278045047314
1.72397e+18, 33, 91, 0, 0, 2250, 98234, 278045047314
1.72397e+18, 33, 91, 0, 0, 2250, 98234, 278045047314
1.72397e+18, 33, 91, 0, 0, 2250, 98234, 278045047314
1.72397e+18, 33, 91, 0, 0, 2250, 98234, 278045047314
1.72397e+18, 33, 91, 0, 0, 2250, 98234, 278045047314
1.72397e+18, 33, 91, 0, 0, 2250, 98234, 278045047314
1.72397e+18, 33, 91, 0, 0, 2250, 98234, 278045047314
1.72397e+18, 33, 91, 0, 0, 2250, 98234, 278045047314
1.72397e+18, 33, 91, 0, 0, 2250, 98234, 278045047314
1.72397e+18, 33, 91, 0, 0, 2250, 98234, 278045047314
1.72397e+18, 33, 91, 0, 0, 2250, 98234, 278045047314
1.72397e+18, 33, 91, 0, 0, 2250, 98234, 278045047314
1.72397e+18, 33, 91, 0, 0, 2250, 98234, 278045047314
1.72397e+18, 33, 91, 0, 0, 2250, 98234, 278045047314
1.72397e+18, 33, 91, 0, 0, 2250, 98234, 278045047314
1.72397e+18, 33, 91, 0, 0, 2250, 98234, 278045056396
1.72397e+18, 33, 91, 0, 0, 2250, 98234, 278045056396
1.72397e+18, 33, 91, 0, 0, 2250, 98234, 278045056396
1.72397e+18, 33, 91, 0, 0, 2250, 98234, 278045056396
1.72397e+18, 33, 91, 0, 0, 2250, 98234, 278045056396
1.72397e+18, 33, 91, 0, 0, 2250, 98234, 278045056396
1.72397e+18, 33, 91, 0, 0, 2250, 98234, 278045056396
1.72397e+18, 33, 91, 0, 0, 2250, 98234, 278045056396
1.72397e+18, 33, 91, 0, 0, 2250, 98234, 278045056396
1.72397e+18, 33, 91, 0, 0, 2250, 98234, 278045056396
1.72397e+18, 33, 91, 0, 0, 2250, 98234, 278045056396
1.72397e+18, 33, 91, 0, 0, 2250, 98234, 278045056396
1.72397e+18, 33, 91, 0, 0, 2250, 98234, 278045056396
1.72397e+18, 33, 91, 0, 0, 2250, 98234, 278045056396
1.72397e+18, 33, 91, 0, 0, 2250, 98234, 278045056396
1.72397e+18, 33, 91, 0, 0, 2250, 98234, 278045056396
1.72397e+18, 33, 91, 0, 0, 2250, 98234, 278045056396
1.72397e+18, 33, 91, 0, 0, 2250, 98234, 278045056396
1.72397e+18, 33, 91, 0, 0, 2250, 98234, 278045056396
1.72397e+18, 33, 91, 0, 0, 2250, 98234, 278045056396
1.72397e+18, 33, 91, 0, 0, 2250, 98234, 278045056396
1.72397e+18, 33, 91, 0, 0, 2250, 98234, 278045056396
1.72397e+18, 33, 91, 0, 0, 2250, 98234, 278045056396
1.72397e+18, 33, 91, 0, 0, 2250, 98234, 278045065492
1.72397e+18, 33, 91, 0, 0, 2250, 98234, 278045065492
1.72397e+18, 33, 91, 0, 0, 2250, 98234, 278045065492
1.72397e+18, 33, 91, 0, 0, 2250, 98234, 278045065492
1.72397e+18, 33, 91, 0, 0, 2250, 98234, 278045065492
1.72397e+18, 33, 91, 0, 0, 2250, 98234, 278045065492
1.72397e+18, 33, 91, 0, 0, 2250, 98234, 278045065492
1.72397e+18, 33, 91, 0, 0, 2250, 98234, 278045065492
1.72397e+18, 33, 91, 0, 0, 2250, 98234, 278045065492
1.72397e+18, 33, 91, 0, 0, 2250, 98234, 278045065492
1.72397e+18, 33, 91, 0, 0, 2250, 98234, 278045065492
1.72397e+18, 33, 91, 0, 0, 2250, 98234, 278045065492
1.72397e+18, 33, 91, 0, 0, 2250, 98234, 278045065492
1.72397e+18, 33, 91, 0, 0, 2250, 98234, 278045065492
1.72397e+18, 33, 91, 0, 0, 2250, 98234, 278045065492
1.72397e+18, 33, 91, 0, 0, 2250, 98234, 278045065492
1.72397e+18, 33, 91, 0, 0, 2250, 98234, 278045065492
1.72397e+18, 33, 91, 0, 0, 2250, 98234, 278045065492
1.72397e+18, 33, 91, 0, 0, 2250, 98234, 278045065492
1.72397e+18, 33, 91, 0, 0, 2250, 98234, 278045065492
1.72397e+18, 33, 91, 0, 0, 2250, 98234, 278045065492
1.72397e+18, 33, 91, 0, 0, 2250, 98234, 278045065492
1.72397e+18, 33, 91, 0, 0, 2250, 98234, 278045065492
1.72397e+18, 33, 91, 0, 0, 2250, 98234, 278045074623
1.72397e+18, 33, 91, 0, 0, 2250, 98234, 278045074623
1.72397e+18, 33, 91, 0, 0, 2250, 98234, 278045074623
1.72397e+18, 33, 91, 0, 0, 2250, 98234, 278045074623
1.72397e+18, 33, 91, 0, 0, 2250, 98234, 278045074623
1.72397e+18, 33, 91, 0, 0, 2250, 98234, 278045074623
1.72397e+18, 33, 91, 0, 0, 2250, 98234, 278045074623
1.72397e+18, 33, 91, 0, 0, 2250, 98234, 278045074623
1.72397e+18, 33, 91, 0, 0, 2250, 98234, 278045074623
1.72397e+18, 33, 91, 0, 0, 2250, 98234, 278045074623
1.72397e+18, 33, 91, 0, 0, 2250, 98234, 278045074623
1.72397e+18, 33, 91, 0, 0, 2250, 98234, 278045074623
1.72397e+18, 33, 91, 0, 0, 2250, 98234, 278045074623
1.72397e+18, 33, 91, 0, 0, 2250, 98234, 278045074623
1.72397e+18, 33, 91, 0, 0, 2250, 98234, 278045074623
1.72397e+18, 33, 91, 0, 0, 2250, 98234, 278045074623
1.72397e+18, 33, 91, 0, 0, 2250, 98234, 278045074623
1.72397e+18, 33, 91, 0, 0, 2250, 98234, 278045074623
1.72397e+18, 33, 91, 0, 0, 2250, 98234, 278045074623
1.72397e+18, 33, 91, 0, 0, 2250, 98234, 278045074623
1.72397e+18, 33, 91, 0, 0, 2250, 98234, 278045074623
1.72397e+18, 33, 91, 0, 0, 2250, 98234, 278045074623
1.72397e+18, 33, 91, 0, 0, 2250, 98234, 278045074623
1.72397e+18, 33, 91, 0, 0, 2250, 98234, 278045083699
1.72397e+18, 33, 91, 0, 0, 2250, 98234, 278045083699
1.72397e+18, 33, 91, 0, 0, 2250, 98234, 278045083699
1.72397e+18, 33, 91, 0, 0, 2250, 98234, 278045083699
1.72397e+18, 33, 91, 0, 0, 2250, 98234, 278045083699
1.72397e+18, 33, 91, 0, 0, 2250, 98234, 278045083699
1.72397e+18, 33, 91, 0, 0, 2250, 98234, 278045083699
1.72397e+18, 33, 91, 0, 0, 2250, 98234, 278045083699
1.72397e+18, 33, 91, 0, 0, 2250, 98234, 278045083699
1.72397e+18, 33, 91, 0, 0, 2250, 98234, 278045083699
1.72397e+18, 33, 91, 0, 0, 2250, 98234, 278045083699
1.72397e+18, 33, 91, 0, 0, 2250, 98234, 278045083699
1.72397e+18, 33, 91, 0, 0, 2250, 98234, 278045083699
1.72397e+18, 33, 91, 0, 0, 2250, 98234, 278045083699
1.72397e+18, 33, 91, 0, 0, 2250, 98234, 278045083699
1.72397e+18, 33, 91, 0, 0, 2250, 98234, 278045083699
1.72397e+18, 33, 91, 0, 0, 2250, 98234, 278045083699
1.72397e+18, 33, 91, 0, 0, 2250, 98234, 278045083699
1.72397e+18, 33, 91, 0, 0, 2250, 98234, 278045083699
1.72397e+18, 33, 91, 0, 0, 2250, 98234, 278045083699
1.72397e+18, 33, 91, 0, 0, 2250, 98234, 278045083699
1.72397e+18, 33, 91, 0, 0, 2250, 98234, 278045083699
1.72397e+18, 33, 91, 0, 0, 2250, 98234, 278045083699
1.72397e+18, 33, 91, 0, 0, 2250, 98234, 278045083699
1.72397e+18, 33, 91, 0, 0, 2250, 98234, 278045092894
1.72397e+18, 33, 91, 0, 0, 2250, 98234, 278045092894
1.72397e+18, 33, 91, 0, 0, 2250, 98234, 278045092894
1.72397e+18, 33, 91, 0, 0, 2250, 98234, 278045092894
1.72397e+18, 33, 91, 0, 0, 2250, 98234, 278045092894
1.72397e+18, 33, 91, 0, 0, 2250, 98234, 278045092894
1.72397e+18, 33, 91, 0, 0, 2250, 98234, 278045092894
