timestamp, temperature_gpu, power_draw_w,utilization_gpu, utilization_memory, memory_used_mib, memory_free_mib, total_energy_consumption_j
1.72236e+18, 28, 54, 20, 1, 1984, 40965, 35766751580
1.72236e+18, 28, 54, 20, 1, 1984, 40965, 35766751580
1.72236e+18, 28, 54, 20, 1, 1984, 40965, 35766751580
1.72236e+18, 28, 54, 20, 1, 1984, 40965, 35766751580
1.72236e+18, 28, 54, 20, 1, 1984, 40965, 35766751580
1.72236e+18, 28, 54, 20, 1, 1984, 40965, 35766751580
1.72236e+18, 28, 54, 20, 1, 1984, 40965, 35766751580
1.72236e+18, 28, 54, 20, 1, 1984, 40965, 35766751580
1.72236e+18, 28, 54, 20, 1, 1984, 40965, 35766751580
1.72236e+18, 28, 54, 20, 1, 1984, 40965, 35766751580
1.72236e+18, 28, 54, 20, 1, 1984, 40965, 35766751580
1.72236e+18, 28, 54, 20, 1, 1984, 40965, 35766751580
1.72236e+18, 28, 54, 20, 1, 1984, 40965, 35766751580
1.72236e+18, 28, 54, 20, 1, 1984, 40965, 35766751580
1.72236e+18, 28, 54, 20, 1, 1984, 40965, 35766751580
1.72236e+18, 28, 54, 20, 1, 1984, 40965, 35766751580
1.72236e+18, 28, 54, 20, 1, 1984, 40965, 35766751580
1.72236e+18, 28, 53, 20, 1, 1984, 40965, 35766751580
1.72236e+18, 28, 53, 20, 1, 1984, 40965, 35766751580
1.72236e+18, 28, 53, 20, 1, 1984, 40965, 35766751580
1.72236e+18, 28, 53, 20, 1, 1984, 40965, 35766751580
1.72236e+18, 28, 53, 20, 1, 1984, 40965, 35766751580
1.72236e+18, 28, 53, 20, 1, 1984, 40965, 35766751580
1.72236e+18, 28, 53, 20, 1, 1984, 40965, 35766751580
1.72236e+18, 28, 53, 20, 1, 1984, 40965, 35766751580
1.72236e+18, 28, 53, 20, 1, 1984, 40965, 35766751580
1.72236e+18, 28, 53, 20, 1, 1984, 40965, 35766751580
1.72236e+18, 28, 53, 20, 1, 1984, 40965, 35766757247
1.72236e+18, 29, 53, 20, 1, 1984, 40965, 35766757247
1.72236e+18, 29, 53, 20, 1, 1984, 40965, 35766757247
1.72236e+18, 29, 53, 20, 1, 1984, 40965, 35766757247
1.72236e+18, 29, 53, 20, 1, 1984, 40965, 35766757247
1.72236e+18, 29, 53, 20, 1, 1984, 40965, 35766757247
1.72236e+18, 29, 53, 20, 1, 1984, 40965, 35766757247
1.72236e+18, 29, 53, 20, 1, 1984, 40965, 35766757247
1.72236e+18, 29, 53, 20, 1, 1984, 40965, 35766757247
1.72236e+18, 29, 53, 20, 1, 1984, 40965, 35766757247
1.72236e+18, 29, 53, 20, 1, 1984, 40965, 35766757247
1.72236e+18, 29, 53, 20, 1, 1984, 40965, 35766757247
1.72236e+18, 29, 53, 20, 1, 1984, 40965, 35766757247
1.72236e+18, 29, 53, 20, 1, 1984, 40965, 35766757247
1.72236e+18, 29, 53, 20, 1, 1984, 40965, 35766757247
1.72236e+18, 29, 53, 20, 1, 1984, 40965, 35766757247
1.72236e+18, 29, 53, 20, 1, 1984, 40965, 35766757247
1.72236e+18, 29, 53, 20, 1, 1984, 40965, 35766757247
1.72236e+18, 29, 55, 20, 1, 1984, 40965, 35766757247
1.72236e+18, 29, 55, 20, 1, 1984, 40965, 35766757247
1.72236e+18, 29, 55, 20, 1, 1984, 40965, 35766757247
1.72236e+18, 29, 55, 20, 1, 1984, 40965, 35766757247
1.72236e+18, 29, 55, 20, 1, 1984, 40965, 35766757247
1.72236e+18, 29, 55, 1, 0, 1984, 40965, 35766757247
1.72236e+18, 29, 55, 1, 0, 1984, 40965, 35766757247
1.72236e+18, 29, 55, 1, 0, 1984, 40965, 35766757247
1.72236e+18, 29, 55, 1, 0, 1984, 40965, 35766757247
1.72236e+18, 29, 55, 1, 0, 1984, 40965, 35766762636
1.72236e+18, 29, 55, 1, 0, 1984, 40965, 35766762636
1.72236e+18, 28, 55, 1, 0, 1984, 40965, 35766762636
1.72236e+18, 28, 55, 1, 0, 1984, 40965, 35766762636
1.72236e+18, 28, 55, 1, 0, 1984, 40965, 35766762636
1.72236e+18, 28, 55, 1, 0, 1984, 40965, 35766762636
1.72236e+18, 28, 55, 1, 0, 1984, 40965, 35766762636
1.72236e+18, 28, 55, 1, 0, 1984, 40965, 35766762636
1.72236e+18, 28, 55, 1, 0, 1984, 40965, 35766762636
1.72236e+18, 28, 55, 1, 0, 1984, 40965, 35766762636
1.72236e+18, 28, 55, 1, 0, 1984, 40965, 35766762636
1.72236e+18, 28, 55, 1, 0, 1984, 40965, 35766762636
1.72236e+18, 28, 55, 1, 0, 1984, 40965, 35766762636
1.72236e+18, 28, 55, 1, 0, 1984, 40965, 35766762636
1.72236e+18, 28, 55, 1, 0, 1984, 40965, 35766762636
1.72236e+18, 28, 55, 1, 0, 1984, 40965, 35766762636
1.72236e+18, 28, 55, 1, 0, 1984, 40965, 35766762636
1.72236e+18, 28, 55, 1, 0, 1984, 40965, 35766762636
1.72236e+18, 28, 55, 1, 0, 1984, 40965, 35766762636
1.72236e+18, 28, 55, 1, 0, 1984, 40965, 35766762636
1.72236e+18, 28, 55, 1, 0, 1984, 40965, 35766762636
1.72236e+18, 28, 55, 1, 0, 1984, 40965, 35766762636
1.72236e+18, 28, 55, 1, 0, 1984, 40965, 35766762636
1.72236e+18, 28, 55, 1, 0, 1984, 40965, 35766762636
1.72236e+18, 28, 55, 1, 0, 1984, 40965, 35766762636
1.72236e+18, 28, 55, 1, 0, 1984, 40965, 35766762636
1.72236e+18, 28, 55, 1, 0, 1984, 40965, 35766762636
1.72236e+18, 28, 55, 1, 0, 1984, 40965, 35766768263
1.72236e+18, 28, 55, 1, 0, 1984, 40965, 35766768263
1.72236e+18, 28, 55, 1, 0, 1984, 40965, 35766768263
1.72236e+18, 28, 55, 1, 0, 1984, 40965, 35766768263
1.72236e+18, 28, 55, 1, 0, 1984, 40965, 35766768263
1.72236e+18, 28, 55, 1, 0, 1984, 40965, 35766768263
1.72236e+18, 28, 55, 1, 0, 1984, 40965, 35766768263
1.72236e+18, 28, 55, 1, 0, 1984, 40965, 35766768263
1.72236e+18, 28, 55, 1, 0, 1984, 40965, 35766768263
1.72236e+18, 28, 55, 1, 0, 1984, 40965, 35766768263
1.72236e+18, 28, 55, 1, 0, 1984, 40965, 35766768263
1.72236e+18, 28, 55, 1, 0, 1984, 40965, 35766768263
1.72236e+18, 28, 55, 1, 0, 1984, 40965, 35766768263
1.72236e+18, 28, 55, 1, 0, 1984, 40965, 35766768263
1.72236e+18, 28, 55, 1, 0, 1984, 40965, 35766768263
1.72236e+18, 28, 55, 1, 0, 1984, 40965, 35766768263
1.72236e+18, 28, 55, 1, 0, 1984, 40965, 35766768263
1.72236e+18, 28, 55, 1, 0, 1984, 40965, 35766768263
1.72236e+18, 28, 55, 1, 0, 1984, 40965, 35766768263
1.72236e+18, 28, 55, 1, 0, 1984, 40965, 35766768263
1.72236e+18, 28, 55, 1, 0, 1984, 40965, 35766768263
1.72236e+18, 28, 54, 1, 0, 1984, 40965, 35766768263
1.72236e+18, 28, 54, 1, 0, 1984, 40965, 35766768263
1.72236e+18, 28, 54, 1, 0, 1984, 40965, 35766768263
1.72236e+18, 28, 54, 1, 0, 1984, 40965, 35766768263
1.72236e+18, 28, 54, 1, 0, 1984, 40965, 35766768263
1.72236e+18, 28, 54, 0, 0, 1984, 40965, 35766773712
1.72236e+18, 28, 54, 0, 0, 1984, 40965, 35766773712
1.72236e+18, 28, 54, 0, 0, 1984, 40965, 35766773712
1.72236e+18, 28, 54, 0, 0, 1984, 40965, 35766773712
1.72236e+18, 28, 54, 0, 0, 1984, 40965, 35766773712
1.72236e+18, 29, 54, 0, 0, 1984, 40965, 35766773712
1.72236e+18, 29, 54, 0, 0, 1984, 40965, 35766773712
1.72236e+18, 29, 54, 0, 0, 1984, 40965, 35766773712
1.72236e+18, 29, 54, 0, 0, 1984, 40965, 35766773712
1.72236e+18, 29, 54, 0, 0, 1984, 40965, 35766773712
1.72236e+18, 29, 54, 0, 0, 1984, 40965, 35766773712
1.72236e+18, 29, 54, 0, 0, 1984, 40965, 35766773712
1.72236e+18, 29, 54, 0, 0, 1984, 40965, 35766773712
1.72236e+18, 29, 54, 0, 0, 1984, 40965, 35766773712
1.72236e+18, 29, 54, 0, 0, 1984, 40965, 35766773712
1.72236e+18, 29, 54, 0, 0, 1984, 40965, 35766773712
1.72236e+18, 29, 54, 0, 0, 1984, 40965, 35766773712
1.72236e+18, 29, 54, 0, 0, 1984, 40965, 35766773712
1.72236e+18, 29, 54, 0, 0, 1984, 40965, 35766773712
1.72236e+18, 29, 54, 0, 0, 1984, 40965, 35766773712
1.72236e+18, 29, 54, 0, 0, 1984, 40965, 35766773712
1.72236e+18, 29, 54, 0, 0, 1984, 40965, 35766773712
1.72236e+18, 29, 54, 0, 0, 1984, 40965, 35766773712
1.72236e+18, 29, 55, 0, 0, 1984, 40965, 35766773712
1.72236e+18, 29, 55, 0, 0, 1984, 40965, 35766773712
1.72236e+18, 29, 55, 0, 0, 1984, 40965, 35766773712
1.72236e+18, 29, 55, 0, 0, 1984, 40965, 35766773712
1.72236e+18, 29, 55, 0, 0, 1984, 40965, 35766779387
1.72236e+18, 29, 55, 0, 0, 1984, 40965, 35766779387
1.72236e+18, 29, 55, 0, 0, 1984, 40965, 35766779387
1.72236e+18, 29, 55, 0, 0, 1984, 40965, 35766779387
1.72236e+18, 29, 55, 0, 0, 1984, 40965, 35766779387
1.72236e+18, 29, 55, 0, 0, 1984, 40965, 35766779387
1.72236e+18, 29, 55, 0, 0, 1984, 40965, 35766779387
1.72236e+18, 29, 55, 0, 0, 1984, 40965, 35766779387
1.72236e+18, 29, 55, 0, 0, 1984, 40965, 35766779387
1.72236e+18, 29, 55, 0, 0, 1984, 40965, 35766779387
1.72236e+18, 29, 55, 0, 0, 1984, 40965, 35766779387
1.72236e+18, 29, 55, 0, 0, 1984, 40965, 35766779387
1.72236e+18, 29, 55, 0, 0, 1984, 40965, 35766779387
1.72236e+18, 29, 55, 0, 0, 1984, 40965, 35766779387
1.72236e+18, 29, 55, 0, 0, 1984, 40965, 35766779387
1.72236e+18, 29, 55, 0, 0, 1984, 40965, 35766779387
1.72236e+18, 29, 55, 0, 0, 1984, 40965, 35766779387
1.72236e+18, 29, 55, 0, 0, 1984, 40965, 35766779387
1.72236e+18, 29, 55, 0, 0, 1984, 40965, 35766779387
1.72236e+18, 29, 55, 0, 0, 1984, 40965, 35766779387
1.72236e+18, 29, 55, 0, 0, 1984, 40965, 35766779387
1.72236e+18, 29, 55, 0, 0, 1984, 40965, 35766779387
1.72236e+18, 29, 55, 0, 0, 1984, 40965, 35766779387
1.72236e+18, 29, 55, 0, 0, 1984, 40965, 35766779387
1.72236e+18, 29, 55, 0, 0, 1984, 40965, 35766779387
1.72236e+18, 29, 55, 0, 0, 1984, 40965, 35766779387
1.72236e+18, 29, 55, 0, 0, 1984, 40965, 35766779387
1.72236e+18, 29, 55, 0, 0, 1984, 40965, 35766784773
1.72236e+18, 29, 55, 0, 0, 1984, 40965, 35766784773
1.72236e+18, 29, 55, 0, 0, 1984, 40965, 35766784773
1.72236e+18, 29, 55, 0, 0, 1984, 40965, 35766784773
1.72236e+18, 29, 55, 0, 0, 1984, 40965, 35766784773
1.72236e+18, 29, 55, 0, 0, 1984, 40965, 35766784773
1.72236e+18, 29, 55, 0, 0, 1984, 40965, 35766784773
1.72236e+18, 29, 55, 0, 0, 1984, 40965, 35766784773
1.72236e+18, 29, 55, 0, 0, 1984, 40965, 35766784773
1.72236e+18, 29, 55, 0, 0, 1984, 40965, 35766784773
1.72236e+18, 29, 55, 0, 0, 1984, 40965, 35766784773
1.72236e+18, 29, 55, 0, 0, 1984, 40965, 35766784773
1.72236e+18, 29, 55, 0, 0, 1984, 40965, 35766784773
1.72236e+18, 29, 55, 0, 0, 1984, 40965, 35766784773
1.72236e+18, 29, 55, 0, 0, 1984, 40965, 35766784773
1.72236e+18, 29, 55, 0, 0, 1984, 40965, 35766784773
1.72236e+18, 29, 55, 0, 0, 1984, 40965, 35766784773
1.72236e+18, 29, 55, 0, 0, 1984, 40965, 35766784773
1.72236e+18, 29, 55, 0, 0, 1984, 40965, 35766784773
1.72236e+18, 29, 55, 0, 0, 1984, 40965, 35766784773
1.72236e+18, 29, 55, 0, 0, 1984, 40965, 35766784773
1.72236e+18, 29, 55, 0, 0, 1984, 40965, 35766784773
1.72236e+18, 29, 55, 0, 0, 1984, 40965, 35766784773
1.72236e+18, 29, 55, 0, 0, 1984, 40965, 35766784773
1.72236e+18, 29, 55, 0, 0, 1984, 40965, 35766784773
1.72236e+18, 29, 55, 0, 0, 1984, 40965, 35766784773
1.72236e+18, 29, 55, 0, 0, 1984, 40965, 35766784773
1.72236e+18, 29, 55, 0, 0, 1984, 40965, 35766784773
1.72236e+18, 29, 55, 0, 0, 1984, 40965, 35766790500
1.72236e+18, 29, 55, 0, 0, 1984, 40965, 35766790500
1.72236e+18, 29, 55, 0, 0, 1984, 40965, 35766790500
1.72236e+18, 29, 55, 0, 0, 1984, 40965, 35766790500
1.72236e+18, 29, 55, 0, 0, 1984, 40965, 35766790500
1.72236e+18, 29, 55, 0, 0, 1984, 40965, 35766790500
1.72236e+18, 29, 55, 0, 0, 1984, 40965, 35766790500
1.72236e+18, 29, 55, 0, 0, 1984, 40965, 35766790500
1.72236e+18, 29, 55, 0, 0, 1984, 40965, 35766790500
1.72236e+18, 29, 55, 0, 0, 1984, 40965, 35766790500
1.72236e+18, 29, 55, 0, 0, 1984, 40965, 35766790500
1.72236e+18, 29, 55, 0, 0, 1984, 40965, 35766790500
1.72236e+18, 29, 55, 0, 0, 1984, 40965, 35766790500
1.72236e+18, 29, 55, 0, 0, 1984, 40965, 35766790500
1.72236e+18, 29, 55, 0, 0, 1984, 40965, 35766790500
1.72236e+18, 29, 55, 0, 0, 1984, 40965, 35766790500
1.72236e+18, 29, 55, 0, 0, 1984, 40965, 35766790500
1.72236e+18, 29, 55, 0, 0, 1984, 40965, 35766790500
1.72236e+18, 29, 55, 0, 0, 1984, 40965, 35766790500
1.72236e+18, 29, 55, 0, 0, 1984, 40965, 35766790500
1.72236e+18, 29, 55, 0, 0, 1984, 40965, 35766790500
1.72236e+18, 29, 55, 0, 0, 1984, 40965, 35766790500
1.72236e+18, 29, 55, 0, 0, 1984, 40965, 35766790500
1.72236e+18, 29, 55, 0, 0, 1984, 40965, 35766790500
1.72236e+18, 29, 55, 0, 0, 1984, 40965, 35766790500
1.72236e+18, 29, 55, 0, 0, 1984, 40965, 35766790500
1.72236e+18, 29, 55, 0, 0, 1984, 40965, 35766790500
1.72236e+18, 29, 55, 0, 0, 1984, 40965, 35766795877
1.72236e+18, 29, 55, 0, 0, 1984, 40965, 35766795877
1.72236e+18, 29, 55, 0, 0, 1984, 40965, 35766795877
1.72236e+18, 29, 55, 0, 0, 1984, 40965, 35766795877
1.72236e+18, 29, 55, 0, 0, 1984, 40965, 35766795877
1.72236e+18, 29, 55, 0, 0, 1984, 40965, 35766795877
1.72236e+18, 29, 55, 0, 0, 1984, 40965, 35766795877
1.72236e+18, 29, 55, 0, 0, 1984, 40965, 35766795877
1.72236e+18, 29, 55, 0, 0, 1984, 40965, 35766795877
1.72236e+18, 29, 55, 0, 0, 1984, 40965, 35766795877
1.72236e+18, 29, 55, 0, 0, 1984, 40965, 35766795877
1.72236e+18, 29, 55, 0, 0, 1984, 40965, 35766795877
1.72236e+18, 29, 55, 0, 0, 1984, 40965, 35766795877
1.72236e+18, 29, 55, 0, 0, 1984, 40965, 35766795877
1.72236e+18, 29, 55, 0, 0, 1984, 40965, 35766795877
1.72236e+18, 29, 55, 0, 0, 1984, 40965, 35766795877
1.72236e+18, 29, 55, 0, 0, 1984, 40965, 35766795877
1.72236e+18, 29, 55, 0, 0, 1984, 40965, 35766795877
1.72236e+18, 29, 55, 0, 0, 1984, 40965, 35766795877
1.72236e+18, 29, 55, 0, 0, 1984, 40965, 35766795877
1.72236e+18, 29, 55, 0, 0, 1984, 40965, 35766795877
1.72236e+18, 29, 55, 0, 0, 1984, 40965, 35766795877
1.72236e+18, 29, 55, 0, 0, 1984, 40965, 35766795877
1.72236e+18, 29, 55, 0, 0, 1984, 40965, 35766795877
1.72236e+18, 29, 55, 0, 0, 1984, 40965, 35766795877
1.72236e+18, 29, 55, 0, 0, 1984, 40965, 35766795877
1.72236e+18, 29, 55, 0, 0, 1984, 40965, 35766795877
1.72236e+18, 29, 55, 0, 0, 1984, 40965, 35766801480
1.72236e+18, 29, 55, 0, 0, 1984, 40965, 35766801480
1.72236e+18, 29, 55, 0, 0, 1984, 40965, 35766801480
1.72236e+18, 29, 55, 0, 0, 1984, 40965, 35766801480
1.72236e+18, 29, 55, 0, 0, 1984, 40965, 35766801480
1.72236e+18, 29, 55, 0, 0, 1984, 40965, 35766801480
1.72236e+18, 29, 55, 0, 0, 1984, 40965, 35766801480
1.72236e+18, 29, 55, 0, 0, 1984, 40965, 35766801480
1.72236e+18, 29, 55, 0, 0, 1984, 40965, 35766801480
1.72236e+18, 29, 55, 0, 0, 1984, 40965, 35766801480
1.72236e+18, 29, 55, 0, 0, 1984, 40965, 35766801480
1.72236e+18, 29, 55, 0, 0, 1984, 40965, 35766801480
1.72236e+18, 29, 55, 0, 0, 1984, 40965, 35766801480
1.72236e+18, 29, 55, 0, 0, 1984, 40965, 35766801480
1.72236e+18, 29, 55, 0, 0, 1984, 40965, 35766801480
1.72236e+18, 29, 55, 0, 0, 1984, 40965, 35766801480
1.72236e+18, 29, 55, 0, 0, 1984, 40965, 35766801480
1.72236e+18, 29, 55, 0, 0, 1984, 40965, 35766801480
1.72236e+18, 29, 55, 0, 0, 1984, 40965, 35766801480
1.72236e+18, 29, 55, 0, 0, 1984, 40965, 35766801480
1.72236e+18, 29, 55, 0, 0, 1984, 40965, 35766801480
1.72236e+18, 29, 55, 0, 0, 1984, 40965, 35766801480
1.72236e+18, 29, 55, 0, 0, 1984, 40965, 35766801480
1.72236e+18, 29, 55, 0, 0, 1984, 40965, 35766801480
1.72236e+18, 29, 55, 0, 0, 1984, 40965, 35766801480
1.72236e+18, 29, 55, 0, 0, 1984, 40965, 35766801480
1.72236e+18, 29, 55, 0, 0, 1984, 40965, 35766801480
1.72236e+18, 29, 55, 0, 0, 1984, 40965, 35766806979
1.72236e+18, 29, 55, 0, 0, 1984, 40965, 35766806979
1.72236e+18, 29, 55, 0, 0, 1984, 40965, 35766806979
1.72236e+18, 29, 55, 0, 0, 1984, 40965, 35766806979
1.72236e+18, 29, 55, 0, 0, 1984, 40965, 35766806979
1.72236e+18, 29, 55, 0, 0, 1984, 40965, 35766806979
1.72236e+18, 29, 55, 0, 0, 1984, 40965, 35766806979
1.72236e+18, 29, 55, 0, 0, 1984, 40965, 35766806979
1.72236e+18, 29, 55, 0, 0, 1984, 40965, 35766806979
1.72236e+18, 29, 55, 0, 0, 1984, 40965, 35766806979
1.72236e+18, 29, 55, 0, 0, 1984, 40965, 35766806979
1.72236e+18, 29, 55, 0, 0, 1984, 40965, 35766806979
1.72236e+18, 29, 55, 0, 0, 1984, 40965, 35766806979
1.72236e+18, 29, 55, 0, 0, 1984, 40965, 35766806979
1.72236e+18, 29, 55, 0, 0, 1984, 40965, 35766806979
1.72236e+18, 29, 55, 0, 0, 1984, 40965, 35766806979
1.72236e+18, 29, 55, 0, 0, 1984, 40965, 35766806979
1.72236e+18, 29, 55, 0, 0, 1984, 40965, 35766806979
1.72236e+18, 29, 55, 0, 0, 1984, 40965, 35766806979
1.72236e+18, 29, 55, 0, 0, 1984, 40965, 35766806979
1.72236e+18, 29, 55, 0, 0, 1984, 40965, 35766806979
1.72236e+18, 29, 55, 0, 0, 1984, 40965, 35766806979
1.72236e+18, 29, 55, 0, 0, 1984, 40965, 35766806979
1.72236e+18, 29, 55, 0, 0, 1984, 40965, 35766806979
1.72236e+18, 29, 55, 0, 0, 1984, 40965, 35766806979
1.72236e+18, 29, 55, 0, 0, 1984, 40965, 35766806979
1.72236e+18, 29, 55, 0, 0, 1984, 40965, 35766806979
1.72236e+18, 29, 55, 0, 0, 1984, 40965, 35766812622
1.72236e+18, 29, 55, 0, 0, 1984, 40965, 35766812622
1.72236e+18, 29, 55, 0, 0, 1984, 40965, 35766812622
1.72236e+18, 29, 55, 0, 0, 1984, 40965, 35766812622
1.72236e+18, 29, 55, 0, 0, 1984, 40965, 35766812622
1.72236e+18, 29, 55, 0, 0, 1984, 40965, 35766812622
1.72236e+18, 29, 55, 0, 0, 1984, 40965, 35766812622
1.72236e+18, 29, 55, 0, 0, 1984, 40965, 35766812622
1.72236e+18, 29, 55, 0, 0, 1984, 40965, 35766812622
1.72236e+18, 29, 55, 0, 0, 1984, 40965, 35766812622
1.72236e+18, 29, 55, 0, 0, 1984, 40965, 35766812622
1.72236e+18, 28, 55, 0, 0, 1984, 40965, 35766812622
1.72236e+18, 28, 55, 0, 0, 1984, 40965, 35766812622
1.72236e+18, 28, 55, 0, 0, 1984, 40965, 35766812622
1.72236e+18, 28, 55, 0, 0, 1984, 40965, 35766812622
1.72236e+18, 28, 55, 0, 0, 1984, 40965, 35766812622
1.72236e+18, 28, 55, 0, 0, 1984, 40965, 35766812622
1.72236e+18, 28, 55, 0, 0, 1984, 40965, 35766812622
1.72236e+18, 28, 55, 0, 0, 1984, 40965, 35766812622
1.72236e+18, 28, 55, 0, 0, 1984, 40965, 35766812622
1.72236e+18, 28, 55, 0, 0, 1984, 40965, 35766812622
1.72236e+18, 28, 55, 0, 0, 1984, 40965, 35766812622
1.72236e+18, 28, 55, 0, 0, 1984, 40965, 35766812622
1.72236e+18, 28, 55, 0, 0, 1984, 40965, 35766812622
1.72236e+18, 28, 55, 0, 0, 1984, 40965, 35766812622
1.72236e+18, 28, 55, 0, 0, 1984, 40965, 35766812622
1.72236e+18, 28, 55, 0, 0, 1984, 40965, 35766817993
1.72236e+18, 28, 55, 0, 0, 1984, 40965, 35766817993
1.72236e+18, 28, 55, 0, 0, 1984, 40965, 35766817993
1.72236e+18, 28, 55, 0, 0, 1984, 40965, 35766817993
1.72236e+18, 28, 55, 0, 0, 1984, 40965, 35766817993
1.72236e+18, 28, 55, 0, 0, 1984, 40965, 35766817993
1.72236e+18, 28, 55, 0, 0, 1984, 40965, 35766817993
1.72236e+18, 28, 55, 0, 0, 1984, 40965, 35766817993
1.72236e+18, 28, 55, 0, 0, 1984, 40965, 35766817993
1.72236e+18, 28, 55, 0, 0, 1984, 40965, 35766817993
1.72236e+18, 28, 55, 0, 0, 1984, 40965, 35766817993
1.72236e+18, 28, 55, 0, 0, 1984, 40965, 35766817993
1.72236e+18, 29, 55, 0, 0, 1984, 40965, 35766817993
1.72236e+18, 29, 55, 0, 0, 1984, 40965, 35766817993
1.72236e+18, 29, 55, 0, 0, 1984, 40965, 35766817993
1.72236e+18, 29, 55, 0, 0, 1984, 40965, 35766817993
1.72236e+18, 29, 55, 0, 0, 1984, 40965, 35766817993
1.72236e+18, 29, 55, 0, 0, 1984, 40965, 35766817993
1.72236e+18, 29, 55, 0, 0, 1984, 40965, 35766817993
1.72236e+18, 29, 55, 0, 0, 1984, 40965, 35766817993
1.72236e+18, 29, 55, 0, 0, 1984, 40965, 35766817993
1.72236e+18, 29, 55, 0, 0, 1984, 40965, 35766817993
1.72236e+18, 29, 55, 0, 0, 1984, 40965, 35766817993
1.72236e+18, 29, 55, 0, 0, 1984, 40965, 35766817993
1.72236e+18, 29, 55, 0, 0, 1984, 40965, 35766817993
1.72236e+18, 29, 55, 0, 0, 1984, 40965, 35766817993
1.72236e+18, 29, 55, 0, 0, 1984, 40965, 35766817993
1.72236e+18, 29, 55, 0, 0, 1984, 40965, 35766817993
1.72236e+18, 29, 55, 0, 0, 1984, 40965, 35766823712
1.72236e+18, 29, 55, 0, 0, 1984, 40965, 35766823712
1.72236e+18, 29, 55, 0, 0, 1984, 40965, 35766823712
1.72236e+18, 29, 55, 0, 0, 1984, 40965, 35766823712
1.72236e+18, 29, 55, 0, 0, 1984, 40965, 35766823712
1.72236e+18, 29, 55, 0, 0, 1984, 40965, 35766823712
1.72236e+18, 29, 55, 0, 0, 1984, 40965, 35766823712
1.72236e+18, 29, 55, 0, 0, 1984, 40965, 35766823712
1.72236e+18, 29, 55, 0, 0, 1984, 40965, 35766823712
1.72236e+18, 29, 55, 0, 0, 1984, 40965, 35766823712
1.72236e+18, 29, 55, 0, 0, 1984, 40965, 35766823712
1.72236e+18, 29, 55, 0, 0, 1984, 40965, 35766823712
1.72236e+18, 29, 55, 0, 0, 1984, 40965, 35766823712
1.72236e+18, 29, 55, 0, 0, 1984, 40965, 35766823712
1.72236e+18, 29, 55, 0, 0, 1984, 40965, 35766823712
1.72236e+18, 29, 55, 0, 0, 1984, 40965, 35766823712
1.72236e+18, 29, 55, 0, 0, 1984, 40965, 35766823712
1.72236e+18, 29, 55, 0, 0, 1984, 40965, 35766823712
1.72236e+18, 29, 55, 0, 0, 1984, 40965, 35766823712
1.72236e+18, 29, 55, 0, 0, 1984, 40965, 35766823712
1.72236e+18, 29, 55, 0, 0, 1984, 40965, 35766823712
1.72236e+18, 29, 55, 0, 0, 1984, 40965, 35766823712
1.72236e+18, 29, 55, 0, 0, 1984, 40965, 35766823712
1.72236e+18, 29, 55, 0, 0, 1984, 40965, 35766823712
1.72236e+18, 29, 55, 0, 0, 1984, 40965, 35766823712
1.72236e+18, 29, 55, 0, 0, 1984, 40965, 35766823712
1.72236e+18, 29, 55, 0, 0, 1984, 40965, 35766823712
1.72236e+18, 29, 55, 0, 0, 1984, 40965, 35766829129
1.72236e+18, 29, 55, 0, 0, 1984, 40965, 35766829129
1.72236e+18, 29, 55, 0, 0, 1984, 40965, 35766829129
1.72236e+18, 29, 55, 0, 0, 1984, 40965, 35766829129
1.72236e+18, 29, 55, 0, 0, 1984, 40965, 35766829129
1.72236e+18, 29, 55, 0, 0, 1984, 40965, 35766829129
1.72236e+18, 29, 55, 0, 0, 1984, 40965, 35766829129
1.72236e+18, 29, 55, 0, 0, 1984, 40965, 35766829129
1.72236e+18, 29, 55, 0, 0, 1984, 40965, 35766829129
1.72236e+18, 29, 55, 0, 0, 1984, 40965, 35766829129
1.72236e+18, 29, 55, 0, 0, 1984, 40965, 35766829129
1.72236e+18, 29, 55, 0, 0, 1984, 40965, 35766829129
1.72236e+18, 29, 55, 0, 0, 1984, 40965, 35766829129
1.72236e+18, 29, 55, 0, 0, 1984, 40965, 35766829129
1.72236e+18, 29, 55, 0, 0, 1984, 40965, 35766829129
1.72236e+18, 29, 55, 0, 0, 1984, 40965, 35766829129
1.72236e+18, 29, 55, 0, 0, 1984, 40965, 35766829129
1.72236e+18, 29, 55, 0, 0, 1984, 40965, 35766829129
1.72236e+18, 29, 55, 0, 0, 1984, 40965, 35766829129
1.72236e+18, 29, 55, 0, 0, 1984, 40965, 35766829129
1.72236e+18, 29, 55, 0, 0, 1984, 40965, 35766829129
1.72236e+18, 29, 55, 0, 0, 1984, 40965, 35766829129
1.72236e+18, 29, 55, 0, 0, 1984, 40965, 35766829129
1.72236e+18, 29, 55, 0, 0, 1984, 40965, 35766829129
1.72236e+18, 29, 55, 0, 0, 1984, 40965, 35766829129
1.72236e+18, 29, 55, 0, 0, 1984, 40965, 35766829129
1.72236e+18, 29, 55, 0, 0, 1984, 40965, 35766829129
1.72236e+18, 29, 55, 0, 0, 1984, 40965, 35766834744
1.72236e+18, 29, 55, 0, 0, 1984, 40965, 35766834744
1.72236e+18, 29, 55, 0, 0, 1984, 40965, 35766834744
1.72236e+18, 29, 55, 0, 0, 1984, 40965, 35766834744
1.72236e+18, 29, 55, 0, 0, 1984, 40965, 35766834744
1.72236e+18, 29, 55, 0, 0, 1984, 40965, 35766834744
1.72236e+18, 29, 55, 0, 0, 1984, 40965, 35766834744
1.72236e+18, 29, 55, 0, 0, 1984, 40965, 35766834744
1.72236e+18, 29, 55, 0, 0, 1984, 40965, 35766834744
1.72236e+18, 29, 55, 0, 0, 1984, 40965, 35766834744
1.72236e+18, 29, 55, 0, 0, 1984, 40965, 35766834744
1.72236e+18, 29, 55, 0, 0, 1984, 40965, 35766834744
1.72236e+18, 29, 55, 0, 0, 1984, 40965, 35766834744
1.72236e+18, 29, 55, 0, 0, 1984, 40965, 35766834744
1.72236e+18, 29, 55, 0, 0, 1984, 40965, 35766834744
1.72236e+18, 29, 55, 0, 0, 1984, 40965, 35766834744
1.72236e+18, 29, 55, 0, 0, 1984, 40965, 35766834744
1.72236e+18, 29, 55, 0, 0, 1984, 40965, 35766834744
1.72236e+18, 29, 55, 0, 0, 1984, 40965, 35766834744
1.72236e+18, 29, 55, 0, 0, 1984, 40965, 35766834744
1.72236e+18, 29, 55, 0, 0, 1984, 40965, 35766834744
1.72236e+18, 29, 55, 0, 0, 1984, 40965, 35766834744
1.72236e+18, 29, 55, 0, 0, 1984, 40965, 35766834744
1.72236e+18, 29, 55, 0, 0, 1984, 40965, 35766834744
1.72236e+18, 29, 55, 0, 0, 1984, 40965, 35766834744
1.72236e+18, 29, 55, 0, 0, 1984, 40965, 35766834744
1.72236e+18, 29, 55, 0, 0, 1984, 40965, 35766834744
1.72236e+18, 29, 55, 0, 0, 1984, 40965, 35766840121
1.72236e+18, 29, 55, 0, 0, 1984, 40965, 35766840121
1.72236e+18, 29, 55, 0, 0, 1984, 40965, 35766840121
1.72236e+18, 29, 55, 0, 0, 1984, 40965, 35766840121
1.72236e+18, 29, 55, 0, 0, 1984, 40965, 35766840121
1.72236e+18, 29, 55, 0, 0, 1984, 40965, 35766840121
1.72236e+18, 29, 55, 0, 0, 1984, 40965, 35766840121
1.72236e+18, 29, 55, 0, 0, 1984, 40965, 35766840121
1.72236e+18, 29, 55, 0, 0, 1984, 40965, 35766840121
1.72236e+18, 29, 55, 0, 0, 1984, 40965, 35766840121
1.72236e+18, 29, 55, 0, 0, 1984, 40965, 35766840121
1.72236e+18, 29, 55, 0, 0, 1984, 40965, 35766840121
1.72236e+18, 29, 55, 0, 0, 1984, 40965, 35766840121
1.72236e+18, 29, 55, 0, 0, 1984, 40965, 35766840121
1.72236e+18, 29, 55, 0, 0, 1984, 40965, 35766840121
1.72236e+18, 29, 55, 0, 0, 1984, 40965, 35766840121
1.72236e+18, 29, 55, 0, 0, 1984, 40965, 35766840121
1.72236e+18, 29, 55, 0, 0, 1984, 40965, 35766840121
1.72236e+18, 29, 55, 0, 0, 1984, 40965, 35766840121
1.72236e+18, 29, 55, 0, 0, 1984, 40965, 35766840121
1.72236e+18, 29, 55, 0, 0, 1984, 40965, 35766840121
1.72236e+18, 29, 55, 0, 0, 1984, 40965, 35766840121
1.72236e+18, 29, 55, 0, 0, 1984, 40965, 35766840121
1.72236e+18, 29, 55, 0, 0, 1984, 40965, 35766840121
1.72236e+18, 29, 55, 0, 0, 1984, 40965, 35766840121
1.72236e+18, 29, 55, 0, 0, 1984, 40965, 35766840121
1.72236e+18, 29, 55, 0, 0, 1984, 40965, 35766840121
1.72236e+18, 29, 55, 0, 0, 1984, 40965, 35766845824
1.72236e+18, 29, 55, 0, 0, 1984, 40965, 35766845824
1.72236e+18, 29, 55, 0, 0, 1984, 40965, 35766845824
1.72236e+18, 29, 55, 0, 0, 1984, 40965, 35766845824
1.72236e+18, 29, 55, 0, 0, 1984, 40965, 35766845824
1.72236e+18, 29, 55, 0, 0, 1984, 40965, 35766845824
1.72236e+18, 29, 55, 0, 0, 1984, 40965, 35766845824
1.72236e+18, 29, 55, 0, 0, 1984, 40965, 35766845824
1.72236e+18, 29, 55, 0, 0, 1984, 40965, 35766845824
1.72236e+18, 29, 55, 0, 0, 1984, 40965, 35766845824
1.72236e+18, 29, 55, 0, 0, 1984, 40965, 35766845824
1.72236e+18, 29, 55, 0, 0, 1984, 40965, 35766845824
1.72236e+18, 29, 55, 0, 0, 1984, 40965, 35766845824
1.72236e+18, 29, 55, 0, 0, 1984, 40965, 35766845824
1.72236e+18, 29, 55, 0, 0, 1984, 40965, 35766845824
1.72236e+18, 29, 55, 0, 0, 1984, 40965, 35766845824
1.72236e+18, 29, 55, 0, 0, 1984, 40965, 35766845824
1.72236e+18, 28, 55, 0, 0, 1984, 40965, 35766845824
1.72236e+18, 28, 55, 0, 0, 1984, 40965, 35766845824
1.72236e+18, 28, 55, 0, 0, 1984, 40965, 35766845824
1.72236e+18, 28, 55, 0, 0, 1984, 40965, 35766845824
1.72236e+18, 28, 55, 0, 0, 1984, 40965, 35766845824
1.72236e+18, 28, 55, 0, 0, 1984, 40965, 35766845824
1.72236e+18, 28, 55, 0, 0, 1984, 40965, 35766845824
1.72236e+18, 28, 55, 0, 0, 1984, 40965, 35766845824
1.72236e+18, 28, 55, 0, 0, 1984, 40965, 35766845824
1.72236e+18, 28, 55, 0, 0, 1984, 40965, 35766845824
1.72236e+18, 28, 55, 0, 0, 1984, 40965, 35766851222
1.72236e+18, 28, 55, 0, 0, 1984, 40965, 35766851222
1.72236e+18, 28, 55, 0, 0, 1984, 40965, 35766851222
1.72236e+18, 28, 55, 0, 0, 1984, 40965, 35766851222
1.72236e+18, 28, 55, 0, 0, 1984, 40965, 35766851222
1.72236e+18, 28, 55, 0, 0, 1984, 40965, 35766851222
1.72236e+18, 28, 55, 0, 0, 1984, 40965, 35766851222
1.72236e+18, 28, 55, 0, 0, 1984, 40965, 35766851222
1.72236e+18, 28, 55, 0, 0, 1984, 40965, 35766851222
1.72236e+18, 28, 55, 0, 0, 1984, 40965, 35766851222
1.72236e+18, 28, 55, 0, 0, 1984, 40965, 35766851222
1.72236e+18, 28, 55, 0, 0, 1984, 40965, 35766851222
1.72236e+18, 28, 55, 0, 0, 1984, 40965, 35766851222
1.72236e+18, 28, 55, 0, 0, 1984, 40965, 35766851222
1.72236e+18, 28, 55, 0, 0, 1984, 40965, 35766851222
1.72236e+18, 28, 55, 0, 0, 1984, 40965, 35766851222
1.72236e+18, 28, 55, 0, 0, 1984, 40965, 35766851222
1.72236e+18, 28, 55, 0, 0, 1984, 40965, 35766851222
1.72236e+18, 28, 55, 0, 0, 1984, 40965, 35766851222
1.72236e+18, 28, 55, 0, 0, 1984, 40965, 35766851222
1.72236e+18, 29, 55, 0, 0, 1984, 40965, 35766851222
1.72236e+18, 29, 55, 0, 0, 1984, 40965, 35766851222
1.72236e+18, 29, 55, 0, 0, 1984, 40965, 35766851222
1.72236e+18, 29, 55, 0, 0, 1984, 40965, 35766851222
1.72236e+18, 29, 55, 0, 0, 1984, 40965, 35766851222
1.72236e+18, 29, 55, 0, 0, 1984, 40965, 35766851222
1.72236e+18, 29, 55, 0, 0, 1984, 40965, 35766851222
1.72236e+18, 29, 55, 0, 0, 1984, 40965, 35766856821
1.72236e+18, 29, 55, 0, 0, 1984, 40965, 35766856821
1.72236e+18, 29, 55, 0, 0, 1984, 40965, 35766856821
1.72236e+18, 29, 55, 0, 0, 1984, 40965, 35766856821
1.72236e+18, 29, 55, 0, 0, 1984, 40965, 35766856821
1.72236e+18, 29, 55, 0, 0, 1984, 40965, 35766856821
1.72236e+18, 29, 55, 0, 0, 1984, 40965, 35766856821
1.72236e+18, 29, 55, 0, 0, 1984, 40965, 35766856821
1.72236e+18, 29, 55, 0, 0, 1984, 40965, 35766856821
1.72236e+18, 29, 55, 0, 0, 1984, 40965, 35766856821
1.72236e+18, 29, 55, 0, 0, 1984, 40965, 35766856821
1.72236e+18, 29, 55, 0, 0, 1984, 40965, 35766856821
1.72236e+18, 29, 55, 0, 0, 1984, 40965, 35766856821
1.72236e+18, 29, 55, 0, 0, 1984, 40965, 35766856821
1.72236e+18, 29, 55, 0, 0, 1984, 40965, 35766856821
1.72236e+18, 29, 55, 0, 0, 1984, 40965, 35766856821
1.72236e+18, 29, 55, 0, 0, 1984, 40965, 35766856821
1.72236e+18, 29, 55, 0, 0, 1984, 40965, 35766856821
1.72236e+18, 29, 55, 0, 0, 1984, 40965, 35766856821
1.72236e+18, 29, 55, 0, 0, 1984, 40965, 35766856821
1.72236e+18, 29, 55, 0, 0, 1984, 40965, 35766856821
1.72236e+18, 29, 55, 0, 0, 1984, 40965, 35766856821
1.72236e+18, 29, 55, 0, 0, 1984, 40965, 35766856821
1.72236e+18, 29, 55, 0, 0, 1984, 40965, 35766856821
1.72236e+18, 29, 55, 0, 0, 1984, 40965, 35766856821
1.72236e+18, 29, 55, 0, 0, 1984, 40965, 35766856821
1.72236e+18, 29, 55, 0, 0, 1984, 40965, 35766856821
1.72236e+18, 29, 55, 0, 0, 1984, 40965, 35766862326
1.72236e+18, 29, 55, 0, 0, 1984, 40965, 35766862326
1.72236e+18, 29, 55, 0, 0, 1984, 40965, 35766862326
1.72236e+18, 29, 55, 0, 0, 1984, 40965, 35766862326
1.72236e+18, 29, 55, 0, 0, 1984, 40965, 35766862326
1.72236e+18, 29, 55, 0, 0, 1984, 40965, 35766862326
1.72236e+18, 29, 55, 0, 0, 1984, 40965, 35766862326
1.72236e+18, 29, 55, 0, 0, 1984, 40965, 35766862326
1.72236e+18, 29, 55, 0, 0, 1984, 40965, 35766862326
1.72236e+18, 29, 55, 0, 0, 1984, 40965, 35766862326
1.72236e+18, 29, 55, 0, 0, 1984, 40965, 35766862326
1.72236e+18, 29, 55, 0, 0, 1984, 40965, 35766862326
1.72236e+18, 29, 55, 0, 0, 1984, 40965, 35766862326
1.72236e+18, 29, 55, 0, 0, 1984, 40965, 35766862326
1.72236e+18, 29, 55, 0, 0, 1984, 40965, 35766862326
1.72236e+18, 29, 55, 0, 0, 1984, 40965, 35766862326
1.72236e+18, 29, 55, 0, 0, 1984, 40965, 35766862326
1.72236e+18, 29, 55, 0, 0, 1984, 40965, 35766862326
1.72236e+18, 29, 55, 0, 0, 1984, 40965, 35766862326
1.72236e+18, 29, 55, 0, 0, 1984, 40965, 35766862326
1.72236e+18, 29, 55, 0, 0, 1984, 40965, 35766862326
1.72236e+18, 29, 55, 0, 0, 1984, 40965, 35766862326
1.72236e+18, 29, 55, 0, 0, 1984, 40965, 35766862326
1.72236e+18, 29, 55, 0, 0, 1984, 40965, 35766862326
1.72236e+18, 29, 55, 0, 0, 1984, 40965, 35766862326
1.72236e+18, 29, 55, 0, 0, 1984, 40965, 35766862326
1.72236e+18, 29, 55, 0, 0, 1984, 40965, 35766862326
1.72236e+18, 29, 55, 0, 0, 1984, 40965, 35766867976
1.72236e+18, 29, 55, 0, 0, 1984, 40965, 35766867976
1.72236e+18, 29, 55, 0, 0, 1984, 40965, 35766867976
1.72236e+18, 29, 55, 0, 0, 1984, 40965, 35766867976
1.72236e+18, 29, 55, 0, 0, 1984, 40965, 35766867976
1.72236e+18, 29, 55, 0, 0, 1984, 40965, 35766867976
1.72236e+18, 29, 55, 0, 0, 1984, 40965, 35766867976
1.72236e+18, 29, 55, 0, 0, 1984, 40965, 35766867976
1.72236e+18, 29, 55, 0, 0, 1984, 40965, 35766867976
1.72236e+18, 29, 55, 0, 0, 1984, 40965, 35766867976
1.72236e+18, 29, 55, 0, 0, 1984, 40965, 35766867976
1.72236e+18, 29, 55, 0, 0, 1984, 40965, 35766867976
1.72236e+18, 29, 55, 0, 0, 1984, 40965, 35766867976
1.72236e+18, 29, 55, 0, 0, 1984, 40965, 35766867976
1.72236e+18, 29, 55, 0, 0, 1984, 40965, 35766867976
1.72236e+18, 29, 55, 0, 0, 1984, 40965, 35766867976
1.72236e+18, 29, 55, 0, 0, 1984, 40965, 35766867976
1.72236e+18, 29, 55, 0, 0, 1984, 40965, 35766867976
1.72236e+18, 29, 55, 0, 0, 1984, 40965, 35766867976
1.72236e+18, 29, 55, 0, 0, 1984, 40965, 35766867976
1.72236e+18, 29, 55, 0, 0, 1984, 40965, 35766867976
1.72236e+18, 29, 55, 0, 0, 1984, 40965, 35766867976
1.72236e+18, 29, 55, 0, 0, 1984, 40965, 35766867976
1.72236e+18, 29, 55, 0, 0, 1984, 40965, 35766867976
1.72236e+18, 29, 55, 0, 0, 1984, 40965, 35766867976
1.72236e+18, 29, 55, 0, 0, 1984, 40965, 35766867976
1.72236e+18, 29, 55, 0, 0, 1984, 40965, 35766867976
1.72236e+18, 29, 55, 0, 0, 1984, 40965, 35766873339
1.72236e+18, 29, 55, 0, 0, 1984, 40965, 35766873339
1.72236e+18, 29, 55, 0, 0, 1984, 40965, 35766873339
1.72236e+18, 29, 55, 0, 0, 1984, 40965, 35766873339
1.72236e+18, 29, 55, 0, 0, 1984, 40965, 35766873339
1.72236e+18, 29, 55, 0, 0, 1984, 40965, 35766873339
1.72236e+18, 29, 55, 0, 0, 1984, 40965, 35766873339
1.72236e+18, 29, 55, 0, 0, 1984, 40965, 35766873339
1.72236e+18, 29, 55, 0, 0, 1984, 40965, 35766873339
1.72236e+18, 29, 55, 0, 0, 1984, 40965, 35766873339
1.72236e+18, 29, 55, 0, 0, 1984, 40965, 35766873339
1.72236e+18, 29, 55, 0, 0, 1984, 40965, 35766873339
1.72236e+18, 29, 55, 0, 0, 1984, 40965, 35766873339
1.72236e+18, 29, 55, 0, 0, 1984, 40965, 35766873339
1.72236e+18, 29, 55, 0, 0, 1984, 40965, 35766873339
1.72236e+18, 29, 55, 0, 0, 1984, 40965, 35766873339
1.72236e+18, 29, 55, 0, 0, 1984, 40965, 35766873339
1.72236e+18, 29, 55, 0, 0, 1984, 40965, 35766873339
1.72236e+18, 29, 55, 0, 0, 1984, 40965, 35766873339
1.72236e+18, 29, 55, 0, 0, 1984, 40965, 35766873339
1.72236e+18, 29, 55, 0, 0, 1984, 40965, 35766873339
1.72236e+18, 29, 55, 0, 0, 1984, 40965, 35766873339
1.72236e+18, 29, 55, 0, 0, 1984, 40965, 35766873339
1.72236e+18, 29, 55, 0, 0, 1984, 40965, 35766873339
1.72236e+18, 29, 55, 0, 0, 1984, 40965, 35766873339
1.72236e+18, 29, 55, 0, 0, 1984, 40965, 35766873339
1.72236e+18, 29, 55, 0, 0, 1984, 40965, 35766873339
1.72236e+18, 29, 55, 0, 0, 1984, 40965, 35766873339
1.72236e+18, 29, 55, 0, 0, 1984, 40965, 35766879024
1.72236e+18, 29, 55, 0, 0, 1984, 40965, 35766879024
1.72236e+18, 29, 55, 0, 0, 1984, 40965, 35766879024
1.72236e+18, 29, 55, 0, 0, 1984, 40965, 35766879024
1.72236e+18, 29, 55, 0, 0, 1984, 40965, 35766879024
1.72236e+18, 29, 55, 0, 0, 1984, 40965, 35766879024
1.72236e+18, 29, 55, 0, 0, 1984, 40965, 35766879024
1.72236e+18, 29, 55, 0, 0, 1984, 40965, 35766879024
1.72236e+18, 29, 55, 0, 0, 1984, 40965, 35766879024
1.72236e+18, 29, 55, 0, 0, 1984, 40965, 35766879024
1.72236e+18, 29, 55, 0, 0, 1984, 40965, 35766879024
1.72236e+18, 29, 55, 0, 0, 1984, 40965, 35766879024
1.72236e+18, 29, 55, 0, 0, 1984, 40965, 35766879024
1.72236e+18, 29, 55, 0, 0, 1984, 40965, 35766879024
1.72236e+18, 29, 55, 0, 0, 1984, 40965, 35766879024
1.72236e+18, 29, 55, 0, 0, 1984, 40965, 35766879024
1.72236e+18, 29, 55, 0, 0, 1984, 40965, 35766879024
1.72236e+18, 29, 55, 0, 0, 1984, 40965, 35766879024
1.72236e+18, 29, 55, 0, 0, 1984, 40965, 35766879024
1.72236e+18, 29, 55, 0, 0, 1984, 40965, 35766879024
1.72236e+18, 29, 55, 0, 0, 1984, 40965, 35766879024
1.72236e+18, 29, 55, 0, 0, 1984, 40965, 35766879024
1.72236e+18, 29, 55, 0, 0, 1984, 40965, 35766879024
1.72236e+18, 29, 55, 0, 0, 1984, 40965, 35766879024
1.72236e+18, 28, 55, 0, 0, 1984, 40965, 35766879024
1.72236e+18, 28, 55, 0, 0, 1984, 40965, 35766884428
1.72236e+18, 28, 55, 0, 0, 1984, 40965, 35766884428
1.72236e+18, 28, 55, 0, 0, 1984, 40965, 35766884428
1.72236e+18, 28, 55, 0, 0, 1984, 40965, 35766884428
1.72236e+18, 28, 55, 0, 0, 1984, 40965, 35766884428
1.72236e+18, 28, 55, 0, 0, 1984, 40965, 35766884428
1.72236e+18, 28, 55, 0, 0, 1984, 40965, 35766884428
1.72236e+18, 28, 55, 0, 0, 1984, 40965, 35766884428
1.72236e+18, 28, 55, 0, 0, 1984, 40965, 35766884428
1.72236e+18, 28, 55, 0, 0, 1984, 40965, 35766884428
1.72236e+18, 28, 55, 0, 0, 1984, 40965, 35766884428
1.72236e+18, 28, 55, 0, 0, 1984, 40965, 35766884428
1.72236e+18, 28, 55, 0, 0, 1984, 40965, 35766884428
1.72236e+18, 28, 55, 0, 0, 1984, 40965, 35766884428
1.72236e+18, 28, 55, 0, 0, 1984, 40965, 35766884428
1.72236e+18, 28, 55, 0, 0, 1984, 40965, 35766884428
1.72236e+18, 28, 55, 0, 0, 1984, 40965, 35766884428
1.72236e+18, 28, 55, 0, 0, 1984, 40965, 35766884428
1.72236e+18, 28, 55, 0, 0, 1984, 40965, 35766884428
1.72236e+18, 28, 55, 0, 0, 1984, 40965, 35766884428
1.72236e+18, 28, 55, 0, 0, 1984, 40965, 35766884428
1.72236e+18, 28, 55, 0, 0, 1984, 40965, 35766884428
1.72236e+18, 28, 55, 0, 0, 1984, 40965, 35766884428
1.72236e+18, 28, 55, 0, 0, 1984, 40965, 35766884428
1.72236e+18, 28, 55, 0, 0, 1984, 40965, 35766884428
1.72236e+18, 28, 55, 0, 0, 1984, 40965, 35766884428
1.72236e+18, 28, 55, 0, 0, 1984, 40965, 35766884428
1.72236e+18, 29, 55, 0, 0, 1984, 40965, 35766884428
1.72236e+18, 29, 55, 0, 0, 1984, 40965, 35766890125
1.72236e+18, 29, 55, 0, 0, 1984, 40965, 35766890125
1.72236e+18, 29, 55, 0, 0, 1984, 40965, 35766890125
1.72236e+18, 29, 55, 0, 0, 1984, 40965, 35766890125
1.72236e+18, 29, 55, 0, 0, 1984, 40965, 35766890125
1.72236e+18, 29, 55, 0, 0, 1984, 40965, 35766890125
1.72236e+18, 29, 55, 0, 0, 1984, 40965, 35766890125
1.72236e+18, 29, 55, 0, 0, 1984, 40965, 35766890125
1.72236e+18, 29, 55, 0, 0, 1984, 40965, 35766890125
1.72236e+18, 29, 55, 0, 0, 1984, 40965, 35766890125
1.72236e+18, 29, 55, 0, 0, 1984, 40965, 35766890125
1.72236e+18, 29, 55, 0, 0, 1984, 40965, 35766890125
1.72236e+18, 29, 55, 0, 0, 1984, 40965, 35766890125
1.72236e+18, 29, 55, 0, 0, 1984, 40965, 35766890125
1.72236e+18, 29, 55, 0, 0, 1984, 40965, 35766890125
1.72236e+18, 29, 55, 0, 0, 1984, 40965, 35766890125
1.72236e+18, 29, 55, 0, 0, 1984, 40965, 35766890125
1.72236e+18, 29, 55, 0, 0, 1984, 40965, 35766890125
1.72236e+18, 29, 55, 0, 0, 1984, 40965, 35766890125
1.72236e+18, 29, 55, 0, 0, 1984, 40965, 35766890125
1.72236e+18, 29, 55, 0, 0, 1984, 40965, 35766890125
1.72236e+18, 29, 55, 0, 0, 1984, 40965, 35766890125
1.72236e+18, 29, 55, 0, 0, 1984, 40965, 35766890125
1.72236e+18, 29, 55, 0, 0, 1984, 40965, 35766890125
1.72236e+18, 29, 55, 0, 0, 1984, 40965, 35766890125
1.72236e+18, 29, 55, 0, 0, 1984, 40965, 35766890125
1.72236e+18, 29, 55, 0, 0, 1984, 40965, 35766895551
1.72236e+18, 29, 55, 0, 0, 1984, 40965, 35766895551
1.72236e+18, 29, 55, 0, 0, 1984, 40965, 35766895551
1.72236e+18, 29, 55, 0, 0, 1984, 40965, 35766895551
1.72236e+18, 29, 55, 0, 0, 1984, 40965, 35766895551
1.72236e+18, 29, 55, 0, 0, 1984, 40965, 35766895551
1.72236e+18, 29, 55, 0, 0, 1984, 40965, 35766895551
1.72236e+18, 29, 55, 0, 0, 1984, 40965, 35766895551
1.72236e+18, 29, 55, 0, 0, 1984, 40965, 35766895551
1.72236e+18, 29, 55, 0, 0, 1984, 40965, 35766895551
1.72236e+18, 29, 55, 0, 0, 1984, 40965, 35766895551
1.72236e+18, 29, 55, 0, 0, 1984, 40965, 35766895551
1.72236e+18, 29, 55, 0, 0, 1984, 40965, 35766895551
1.72236e+18, 29, 55, 0, 0, 1984, 40965, 35766895551
1.72236e+18, 29, 55, 0, 0, 1984, 40965, 35766895551
1.72236e+18, 29, 55, 0, 0, 1984, 40965, 35766895551
1.72236e+18, 29, 55, 0, 0, 1984, 40965, 35766895551
1.72236e+18, 29, 55, 0, 0, 1984, 40965, 35766895551
1.72236e+18, 29, 55, 0, 0, 1984, 40965, 35766895551
1.72236e+18, 29, 55, 0, 0, 1984, 40965, 35766895551
1.72236e+18, 29, 55, 0, 0, 1984, 40965, 35766895551
1.72236e+18, 29, 55, 0, 0, 1984, 40965, 35766895551
1.72236e+18, 29, 55, 0, 0, 1984, 40965, 35766895551
1.72236e+18, 29, 55, 0, 0, 1984, 40965, 35766895551
1.72236e+18, 29, 55, 0, 0, 1984, 40965, 35766895551
1.72236e+18, 29, 55, 0, 0, 1984, 40965, 35766895551
1.72236e+18, 29, 55, 0, 0, 1984, 40965, 35766895551
1.72236e+18, 29, 55, 0, 0, 1984, 40965, 35766901182
1.72236e+18, 29, 55, 0, 0, 1984, 40965, 35766901182
1.72236e+18, 29, 55, 0, 0, 1984, 40965, 35766901182
1.72236e+18, 29, 55, 0, 0, 1984, 40965, 35766901182
1.72236e+18, 29, 55, 0, 0, 1984, 40965, 35766901182
1.72236e+18, 29, 55, 0, 0, 1984, 40965, 35766901182
1.72236e+18, 29, 55, 0, 0, 1984, 40965, 35766901182
1.72236e+18, 29, 55, 0, 0, 1984, 40965, 35766901182
1.72236e+18, 29, 55, 0, 0, 1984, 40965, 35766901182
1.72236e+18, 29, 55, 0, 0, 1984, 40965, 35766901182
1.72236e+18, 29, 55, 0, 0, 1984, 40965, 35766901182
1.72236e+18, 29, 55, 0, 0, 1984, 40965, 35766901182
1.72236e+18, 29, 55, 0, 0, 1984, 40965, 35766901182
1.72236e+18, 29, 55, 0, 0, 1984, 40965, 35766901182
1.72236e+18, 29, 55, 0, 0, 1984, 40965, 35766901182
1.72236e+18, 29, 55, 0, 0, 1984, 40965, 35766901182
1.72236e+18, 29, 55, 0, 0, 1984, 40965, 35766901182
1.72236e+18, 29, 55, 0, 0, 1984, 40965, 35766901182
1.72236e+18, 29, 55, 0, 0, 1984, 40965, 35766901182
1.72236e+18, 29, 55, 0, 0, 1984, 40965, 35766901182
1.72236e+18, 29, 55, 0, 0, 1984, 40965, 35766901182
1.72236e+18, 29, 55, 0, 0, 1984, 40965, 35766901182
1.72236e+18, 29, 55, 0, 0, 1984, 40965, 35766901182
1.72236e+18, 29, 55, 0, 0, 1984, 40965, 35766901182
1.72236e+18, 29, 55, 0, 0, 1984, 40965, 35766901182
1.72236e+18, 29, 55, 0, 0, 1984, 40965, 35766901182
1.72236e+18, 29, 55, 0, 0, 1984, 40965, 35766901182
1.72236e+18, 29, 55, 0, 0, 1984, 40965, 35766906609
1.72236e+18, 29, 55, 0, 0, 1984, 40965, 35766906609
1.72236e+18, 29, 55, 0, 0, 1984, 40965, 35766906609
1.72236e+18, 29, 55, 0, 0, 1984, 40965, 35766906609
1.72236e+18, 29, 55, 0, 0, 1984, 40965, 35766906609
1.72236e+18, 29, 55, 0, 0, 1984, 40965, 35766906609
1.72236e+18, 29, 55, 0, 0, 1984, 40965, 35766906609
1.72236e+18, 29, 55, 0, 0, 1984, 40965, 35766906609
1.72236e+18, 29, 55, 0, 0, 1984, 40965, 35766906609
1.72236e+18, 29, 55, 0, 0, 1984, 40965, 35766906609
1.72236e+18, 29, 55, 0, 0, 1984, 40965, 35766906609
1.72236e+18, 29, 55, 0, 0, 1984, 40965, 35766906609
1.72236e+18, 29, 55, 0, 0, 1984, 40965, 35766906609
1.72236e+18, 29, 55, 0, 0, 1984, 40965, 35766906609
1.72236e+18, 29, 55, 0, 0, 1984, 40965, 35766906609
1.72236e+18, 29, 55, 0, 0, 1984, 40965, 35766906609
1.72236e+18, 29, 55, 0, 0, 1984, 40965, 35766906609
1.72236e+18, 29, 55, 0, 0, 1984, 40965, 35766906609
1.72236e+18, 29, 55, 0, 0, 1984, 40965, 35766906609
1.72236e+18, 29, 55, 0, 0, 1984, 40965, 35766906609
1.72236e+18, 29, 55, 0, 0, 1984, 40965, 35766906609
1.72236e+18, 29, 55, 0, 0, 1984, 40965, 35766906609
1.72236e+18, 29, 55, 0, 0, 1984, 40965, 35766906609
1.72236e+18, 29, 55, 0, 0, 1984, 40965, 35766906609
1.72236e+18, 29, 55, 0, 0, 1984, 40965, 35766906609
1.72236e+18, 29, 55, 0, 0, 1984, 40965, 35766906609
1.72236e+18, 29, 55, 0, 0, 1984, 40965, 35766906609
1.72236e+18, 29, 55, 0, 0, 1984, 40965, 35766912210
1.72236e+18, 29, 55, 0, 0, 1984, 40965, 35766912210
1.72236e+18, 29, 55, 0, 0, 1984, 40965, 35766912210
1.72236e+18, 29, 55, 0, 0, 1984, 40965, 35766912210
1.72236e+18, 29, 55, 0, 0, 1984, 40965, 35766912210
1.72236e+18, 29, 55, 0, 0, 1984, 40965, 35766912210
1.72236e+18, 29, 55, 0, 0, 1984, 40965, 35766912210
1.72236e+18, 29, 55, 0, 0, 1984, 40965, 35766912210
1.72236e+18, 29, 55, 0, 0, 1984, 40965, 35766912210
1.72236e+18, 29, 55, 0, 0, 1984, 40965, 35766912210
1.72236e+18, 29, 55, 0, 0, 1984, 40965, 35766912210
1.72236e+18, 29, 55, 0, 0, 1984, 40965, 35766912210
1.72236e+18, 29, 55, 0, 0, 1984, 40965, 35766912210
1.72236e+18, 29, 55, 0, 0, 1984, 40965, 35766912210
1.72236e+18, 29, 55, 0, 0, 1984, 40965, 35766912210
1.72236e+18, 29, 55, 0, 0, 1984, 40965, 35766912210
1.72236e+18, 29, 55, 0, 0, 1984, 40965, 35766912210
1.72236e+18, 29, 55, 0, 0, 1984, 40965, 35766912210
1.72236e+18, 29, 55, 0, 0, 1984, 40965, 35766912210
1.72236e+18, 29, 55, 0, 0, 1984, 40965, 35766912210
1.72236e+18, 29, 55, 0, 0, 1984, 40965, 35766912210
1.72236e+18, 29, 55, 0, 0, 1984, 40965, 35766912210
1.72236e+18, 29, 55, 0, 0, 1984, 40965, 35766912210
1.72236e+18, 29, 55, 0, 0, 1984, 40965, 35766912210
1.72236e+18, 29, 55, 0, 0, 1984, 40965, 35766912210
1.72236e+18, 29, 55, 0, 0, 1984, 40965, 35766912210
1.72236e+18, 29, 55, 0, 0, 1984, 40965, 35766912210
1.72236e+18, 29, 55, 0, 0, 1984, 40965, 35766917606
1.72236e+18, 29, 55, 0, 0, 1984, 40965, 35766917606
1.72236e+18, 29, 55, 0, 0, 1984, 40965, 35766917606
1.72236e+18, 29, 55, 0, 0, 1984, 40965, 35766917606
1.72236e+18, 29, 55, 0, 0, 1984, 40965, 35766917606
1.72236e+18, 29, 55, 0, 0, 1984, 40965, 35766917606
1.72236e+18, 29, 55, 0, 0, 1984, 40965, 35766917606
1.72236e+18, 29, 55, 0, 0, 1984, 40965, 35766917606
1.72236e+18, 29, 55, 0, 0, 1984, 40965, 35766917606
1.72236e+18, 29, 55, 0, 0, 1984, 40965, 35766917606
1.72236e+18, 29, 55, 0, 0, 1984, 40965, 35766917606
1.72236e+18, 29, 55, 0, 0, 1984, 40965, 35766917606
1.72236e+18, 29, 55, 0, 0, 1984, 40965, 35766917606
1.72236e+18, 29, 55, 0, 0, 1984, 40965, 35766917606
1.72236e+18, 29, 55, 0, 0, 1984, 40965, 35766917606
1.72236e+18, 29, 55, 0, 0, 1984, 40965, 35766917606
1.72236e+18, 29, 55, 0, 0, 1984, 40965, 35766917606
1.72236e+18, 29, 55, 0, 0, 1984, 40965, 35766917606
1.72236e+18, 29, 55, 0, 0, 1984, 40965, 35766917606
1.72236e+18, 29, 55, 0, 0, 1984, 40965, 35766917606
1.72236e+18, 29, 55, 0, 0, 1984, 40965, 35766917606
1.72236e+18, 29, 55, 0, 0, 1984, 40965, 35766917606
1.72236e+18, 29, 55, 0, 0, 1984, 40965, 35766917606
1.72236e+18, 29, 54, 0, 0, 1984, 40965, 35766917606
1.72236e+18, 29, 54, 0, 0, 1984, 40965, 35766917606
1.72236e+18, 29, 54, 0, 0, 1984, 40965, 35766917606
1.72236e+18, 29, 54, 0, 0, 1984, 40965, 35766917606
1.72236e+18, 29, 54, 0, 0, 1984, 40965, 35766923321
1.72236e+18, 29, 54, 0, 0, 1984, 40965, 35766923321
1.72236e+18, 29, 54, 0, 0, 1984, 40965, 35766923321
1.72236e+18, 29, 54, 0, 0, 1984, 40965, 35766923321
1.72236e+18, 29, 54, 0, 0, 1984, 40965, 35766923321
1.72236e+18, 29, 54, 0, 0, 1984, 40965, 35766923321
1.72236e+18, 29, 54, 0, 0, 1984, 40965, 35766923321
1.72236e+18, 29, 54, 0, 0, 1984, 40965, 35766923321
1.72236e+18, 29, 54, 0, 0, 1984, 40965, 35766923321
1.72236e+18, 29, 54, 0, 0, 1984, 40965, 35766923321
1.72236e+18, 29, 54, 0, 0, 1984, 40965, 35766923321
1.72236e+18, 29, 54, 0, 0, 1984, 40965, 35766923321
1.72236e+18, 29, 54, 0, 0, 1984, 40965, 35766923321
1.72236e+18, 29, 54, 0, 0, 1984, 40965, 35766923321
1.72236e+18, 29, 54, 0, 0, 1984, 40965, 35766923321
1.72236e+18, 29, 54, 0, 0, 1984, 40965, 35766923321
1.72236e+18, 29, 54, 0, 0, 1984, 40965, 35766923321
1.72236e+18, 29, 54, 0, 0, 1984, 40965, 35766923321
1.72236e+18, 29, 54, 0, 0, 1984, 40965, 35766923321
1.72236e+18, 29, 54, 0, 0, 1984, 40965, 35766923321
1.72236e+18, 29, 54, 0, 0, 1984, 40965, 35766923321
1.72236e+18, 29, 54, 0, 0, 1984, 40965, 35766923321
1.72236e+18, 29, 54, 0, 0, 1984, 40965, 35766923321
1.72236e+18, 29, 54, 0, 0, 1984, 40965, 35766923321
1.72236e+18, 29, 54, 0, 0, 1984, 40965, 35766923321
1.72236e+18, 29, 54, 0, 0, 1984, 40965, 35766923321
1.72236e+18, 29, 54, 0, 0, 1984, 40965, 35766923321
1.72236e+18, 29, 54, 0, 0, 1984, 40965, 35766923321
1.72236e+18, 29, 54, 0, 0, 1984, 40965, 35766928741
1.72236e+18, 29, 54, 0, 0, 1984, 40965, 35766928741
1.72236e+18, 29, 54, 0, 0, 1984, 40965, 35766928741
1.72236e+18, 29, 54, 0, 0, 1984, 40965, 35766928741
1.72236e+18, 29, 54, 0, 0, 1984, 40965, 35766928741
1.72236e+18, 29, 54, 0, 0, 1984, 40965, 35766928741
1.72236e+18, 29, 54, 0, 0, 1984, 40965, 35766928741
1.72236e+18, 29, 54, 0, 0, 1984, 40965, 35766928741
1.72236e+18, 29, 54, 0, 0, 1984, 40965, 35766928741
1.72236e+18, 29, 54, 0, 0, 1984, 40965, 35766928741
1.72236e+18, 29, 54, 0, 0, 1984, 40965, 35766928741
1.72236e+18, 29, 54, 0, 0, 1984, 40965, 35766928741
1.72236e+18, 29, 54, 0, 0, 1984, 40965, 35766928741
1.72236e+18, 29, 54, 0, 0, 1984, 40965, 35766928741
1.72236e+18, 29, 54, 0, 0, 1984, 40965, 35766928741
1.72236e+18, 29, 54, 0, 0, 1984, 40965, 35766928741
1.72236e+18, 29, 54, 0, 0, 1984, 40965, 35766928741
1.72236e+18, 29, 54, 0, 0, 1984, 40965, 35766928741
1.72236e+18, 29, 54, 0, 0, 1984, 40965, 35766928741
1.72236e+18, 29, 54, 0, 0, 1984, 40965, 35766928741
1.72236e+18, 29, 54, 0, 0, 1984, 40965, 35766928741
1.72236e+18, 29, 54, 0, 0, 1984, 40965, 35766928741
1.72236e+18, 29, 54, 0, 0, 1984, 40965, 35766928741
1.72236e+18, 29, 54, 0, 0, 1984, 40965, 35766928741
1.72236e+18, 29, 54, 0, 0, 1984, 40965, 35766928741
1.72236e+18, 29, 54, 0, 0, 1984, 40965, 35766928741
1.72236e+18, 29, 55, 0, 0, 1984, 40965, 35766928741
1.72236e+18, 29, 55, 0, 0, 1984, 40965, 35766928741
1.72236e+18, 29, 55, 0, 0, 1984, 40965, 35766934345
1.72236e+18, 29, 55, 0, 0, 1984, 40965, 35766934345
1.72236e+18, 29, 55, 0, 0, 1984, 40965, 35766934345
1.72236e+18, 29, 55, 0, 0, 1984, 40965, 35766934345
1.72236e+18, 29, 55, 0, 0, 1984, 40965, 35766934345
1.72236e+18, 29, 55, 0, 0, 1984, 40965, 35766934345
1.72236e+18, 29, 55, 0, 0, 1984, 40965, 35766934345
1.72236e+18, 29, 55, 0, 0, 1984, 40965, 35766934345
1.72236e+18, 29, 55, 0, 0, 1984, 40965, 35766934345
1.72236e+18, 29, 55, 0, 0, 1984, 40965, 35766934345
1.72236e+18, 29, 55, 0, 0, 1984, 40965, 35766934345
1.72236e+18, 29, 55, 0, 0, 1984, 40965, 35766934345
1.72236e+18, 29, 55, 0, 0, 1984, 40965, 35766934345
1.72236e+18, 29, 55, 0, 0, 1984, 40965, 35766934345
1.72236e+18, 29, 55, 0, 0, 1984, 40965, 35766934345
1.72236e+18, 29, 55, 0, 0, 1984, 40965, 35766934345
1.72236e+18, 29, 55, 0, 0, 1984, 40965, 35766934345
1.72236e+18, 29, 55, 0, 0, 1984, 40965, 35766934345
1.72236e+18, 29, 55, 0, 0, 1984, 40965, 35766934345
1.72236e+18, 29, 55, 0, 0, 1984, 40965, 35766934345
1.72236e+18, 29, 55, 0, 0, 1984, 40965, 35766934345
1.72236e+18, 29, 55, 0, 0, 1984, 40965, 35766934345
1.72236e+18, 29, 55, 0, 0, 1984, 40965, 35766934345
1.72236e+18, 29, 55, 0, 0, 1984, 40965, 35766934345
1.72236e+18, 29, 55, 0, 0, 1984, 40965, 35766934345
1.72236e+18, 29, 55, 0, 0, 1984, 40965, 35766934345
1.72236e+18, 29, 55, 0, 0, 1984, 40965, 35766934345
1.72236e+18, 29, 55, 0, 0, 1984, 40965, 35766939783
1.72236e+18, 29, 55, 0, 0, 1984, 40965, 35766939783
1.72236e+18, 29, 55, 0, 0, 1984, 40965, 35766939783
1.72236e+18, 29, 55, 0, 0, 1984, 40965, 35766939783
1.72236e+18, 29, 55, 0, 0, 1984, 40965, 35766939783
1.72236e+18, 29, 55, 0, 0, 1984, 40965, 35766939783
1.72236e+18, 29, 55, 0, 0, 1984, 40965, 35766939783
1.72236e+18, 29, 55, 0, 0, 1984, 40965, 35766939783
1.72236e+18, 29, 55, 0, 0, 1984, 40965, 35766939783
1.72236e+18, 29, 55, 0, 0, 1984, 40965, 35766939783
1.72236e+18, 29, 55, 0, 0, 1984, 40965, 35766939783
1.72236e+18, 29, 55, 0, 0, 1984, 40965, 35766939783
1.72236e+18, 29, 55, 0, 0, 1984, 40965, 35766939783
1.72236e+18, 29, 55, 0, 0, 1984, 40965, 35766939783
1.72236e+18, 29, 55, 0, 0, 1984, 40965, 35766939783
1.72236e+18, 29, 55, 0, 0, 1984, 40965, 35766939783
1.72236e+18, 29, 55, 0, 0, 1984, 40965, 35766939783
1.72236e+18, 29, 55, 0, 0, 1984, 40965, 35766939783
1.72236e+18, 29, 55, 0, 0, 1984, 40965, 35766939783
1.72236e+18, 29, 55, 0, 0, 1984, 40965, 35766939783
1.72236e+18, 29, 55, 0, 0, 1984, 40965, 35766939783
1.72236e+18, 29, 55, 0, 0, 1984, 40965, 35766939783
1.72236e+18, 29, 55, 0, 0, 1984, 40965, 35766939783
1.72236e+18, 29, 55, 0, 0, 1984, 40965, 35766939783
1.72236e+18, 29, 55, 0, 0, 1984, 40965, 35766939783
1.72236e+18, 29, 55, 0, 0, 1984, 40965, 35766939783
1.72236e+18, 29, 55, 0, 0, 1984, 40965, 35766939783
1.72236e+18, 29, 55, 0, 0, 1984, 40965, 35766945304
1.72236e+18, 29, 55, 0, 0, 1984, 40965, 35766945304
1.72236e+18, 29, 55, 0, 0, 1984, 40965, 35766945304
1.72236e+18, 29, 55, 0, 0, 1984, 40965, 35766945304
1.72236e+18, 29, 55, 0, 0, 1984, 40965, 35766945304
1.72236e+18, 29, 55, 0, 0, 1984, 40965, 35766945304
1.72236e+18, 29, 55, 0, 0, 1984, 40965, 35766945304
1.72236e+18, 29, 55, 0, 0, 1984, 40965, 35766945304
1.72236e+18, 29, 55, 0, 0, 1984, 40965, 35766945304
1.72236e+18, 29, 55, 0, 0, 1984, 40965, 35766945304
1.72236e+18, 29, 55, 0, 0, 1984, 40965, 35766945304
1.72236e+18, 29, 55, 0, 0, 1984, 40965, 35766945304
1.72236e+18, 29, 55, 0, 0, 1984, 40965, 35766945304
1.72236e+18, 29, 55, 0, 0, 1984, 40965, 35766945304
1.72236e+18, 29, 55, 0, 0, 1984, 40965, 35766945304
1.72236e+18, 29, 55, 0, 0, 1984, 40965, 35766945304
1.72236e+18, 29, 55, 0, 0, 1984, 40965, 35766945304
1.72236e+18, 29, 55, 0, 0, 1984, 40965, 35766945304
1.72236e+18, 29, 55, 0, 0, 1984, 40965, 35766945304
1.72236e+18, 29, 55, 0, 0, 1984, 40965, 35766945304
1.72236e+18, 29, 55, 0, 0, 1984, 40965, 35766945304
1.72236e+18, 29, 55, 0, 0, 1984, 40965, 35766945304
1.72236e+18, 29, 55, 0, 0, 1984, 40965, 35766945304
1.72236e+18, 29, 55, 0, 0, 1984, 40965, 35766945304
1.72236e+18, 29, 55, 0, 0, 1984, 40965, 35766945304
1.72236e+18, 29, 55, 0, 0, 1984, 40965, 35766945304
1.72236e+18, 29, 55, 0, 0, 1984, 40965, 35766945304
1.72236e+18, 29, 55, 0, 0, 1984, 40965, 35766950836
1.72236e+18, 29, 54, 0, 0, 1984, 40965, 35766950836
1.72236e+18, 29, 54, 0, 0, 1984, 40965, 35766950836
1.72236e+18, 29, 54, 0, 0, 1984, 40965, 35766950836
1.72236e+18, 29, 54, 0, 0, 1984, 40965, 35766950836
1.72236e+18, 29, 54, 0, 0, 1984, 40965, 35766950836
1.72236e+18, 29, 54, 0, 0, 1984, 40965, 35766950836
1.72236e+18, 29, 54, 0, 0, 1984, 40965, 35766950836
1.72236e+18, 29, 54, 0, 0, 1984, 40965, 35766950836
1.72236e+18, 29, 54, 0, 0, 1984, 40965, 35766950836
1.72236e+18, 29, 54, 0, 0, 1984, 40965, 35766950836
1.72236e+18, 29, 54, 0, 0, 1984, 40965, 35766950836
1.72236e+18, 29, 54, 0, 0, 1984, 40965, 35766950836
1.72236e+18, 29, 54, 0, 0, 1984, 40965, 35766950836
1.72236e+18, 29, 54, 0, 0, 1984, 40965, 35766950836
1.72236e+18, 29, 54, 0, 0, 1984, 40965, 35766950836
1.72236e+18, 29, 54, 0, 0, 1984, 40965, 35766950836
1.72236e+18, 29, 54, 0, 0, 1984, 40965, 35766950836
1.72236e+18, 29, 54, 0, 0, 1984, 40965, 35766950836
1.72236e+18, 29, 54, 0, 0, 1984, 40965, 35766950836
1.72236e+18, 29, 54, 0, 0, 1984, 40965, 35766950836
1.72236e+18, 29, 54, 0, 0, 1984, 40965, 35766950836
1.72236e+18, 29, 54, 0, 0, 1984, 40965, 35766950836
1.72236e+18, 29, 54, 0, 0, 1984, 40965, 35766950836
1.72236e+18, 29, 54, 0, 0, 1984, 40965, 35766950836
1.72236e+18, 29, 54, 0, 0, 1984, 40965, 35766950836
1.72236e+18, 29, 54, 0, 0, 1984, 40965, 35766950836
1.72236e+18, 29, 54, 0, 0, 1984, 40965, 35766956516
1.72236e+18, 29, 55, 0, 0, 1984, 40965, 35766956516
1.72236e+18, 29, 55, 0, 0, 1984, 40965, 35766956516
1.72236e+18, 29, 55, 0, 0, 1984, 40965, 35766956516
1.72236e+18, 29, 55, 0, 0, 1984, 40965, 35766956516
1.72236e+18, 29, 55, 0, 0, 1984, 40965, 35766956516
1.72236e+18, 29, 55, 0, 0, 1984, 40965, 35766956516
1.72236e+18, 29, 55, 0, 0, 1984, 40965, 35766956516
1.72236e+18, 29, 55, 0, 0, 1984, 40965, 35766956516
1.72236e+18, 29, 55, 0, 0, 1984, 40965, 35766956516
1.72236e+18, 29, 55, 0, 0, 1984, 40965, 35766956516
1.72236e+18, 29, 55, 0, 0, 1984, 40965, 35766956516
1.72236e+18, 29, 55, 0, 0, 1984, 40965, 35766956516
1.72236e+18, 29, 55, 0, 0, 1984, 40965, 35766956516
1.72236e+18, 29, 55, 0, 0, 1984, 40965, 35766956516
1.72236e+18, 29, 55, 0, 0, 1984, 40965, 35766956516
1.72236e+18, 29, 55, 0, 0, 1984, 40965, 35766956516
1.72236e+18, 29, 55, 0, 0, 1984, 40965, 35766956516
1.72236e+18, 29, 55, 0, 0, 1984, 40965, 35766956516
1.72236e+18, 29, 55, 0, 0, 1984, 40965, 35766956516
1.72236e+18, 29, 55, 0, 0, 1984, 40965, 35766956516
1.72236e+18, 29, 55, 0, 0, 1984, 40965, 35766956516
1.72236e+18, 29, 55, 0, 0, 1984, 40965, 35766956516
1.72236e+18, 29, 55, 0, 0, 1984, 40965, 35766956516
1.72236e+18, 29, 55, 0, 0, 1984, 40965, 35766956516
1.72236e+18, 29, 55, 0, 0, 1984, 40965, 35766956516
1.72236e+18, 29, 55, 0, 0, 1984, 40965, 35766961883
1.72236e+18, 29, 55, 0, 0, 1984, 40965, 35766961883
1.72236e+18, 29, 55, 0, 0, 1984, 40965, 35766961883
1.72236e+18, 29, 54, 0, 0, 1984, 40965, 35766961883
1.72236e+18, 29, 54, 0, 0, 1984, 40965, 35766961883
1.72236e+18, 29, 54, 0, 0, 1984, 40965, 35766961883
1.72236e+18, 29, 54, 0, 0, 1984, 40965, 35766961883
1.72236e+18, 29, 54, 0, 0, 1984, 40965, 35766961883
1.72236e+18, 29, 54, 0, 0, 1984, 40965, 35766961883
1.72236e+18, 29, 54, 0, 0, 1984, 40965, 35766961883
1.72236e+18, 29, 54, 0, 0, 1984, 40965, 35766961883
1.72236e+18, 29, 54, 0, 0, 1984, 40965, 35766961883
1.72236e+18, 29, 54, 0, 0, 1984, 40965, 35766961883
1.72236e+18, 29, 54, 0, 0, 1984, 40965, 35766961883
1.72236e+18, 29, 54, 0, 0, 1984, 40965, 35766961883
1.72236e+18, 29, 54, 0, 0, 1984, 40965, 35766961883
1.72236e+18, 29, 54, 0, 0, 1984, 40965, 35766961883
1.72236e+18, 29, 54, 0, 0, 1984, 40965, 35766961883
1.72236e+18, 29, 54, 0, 0, 1984, 40965, 35766961883
1.72236e+18, 29, 54, 0, 0, 1984, 40965, 35766961883
1.72236e+18, 29, 54, 0, 0, 1984, 40965, 35766961883
1.72236e+18, 29, 54, 0, 0, 1984, 40965, 35766961883
1.72236e+18, 29, 54, 0, 0, 1984, 40965, 35766961883
1.72236e+18, 29, 54, 0, 0, 1984, 40965, 35766961883
1.72236e+18, 29, 54, 0, 0, 1984, 40965, 35766961883
1.72236e+18, 29, 54, 0, 0, 1984, 40965, 35766961883
1.72236e+18, 29, 54, 0, 0, 1984, 40965, 35766961883
1.72236e+18, 29, 54, 0, 0, 1984, 40965, 35766961883
1.72236e+18, 29, 54, 0, 0, 1984, 40965, 35766967538
1.72236e+18, 29, 54, 0, 0, 1984, 40965, 35766967538
1.72236e+18, 29, 54, 0, 0, 1984, 40965, 35766967538
1.72236e+18, 29, 55, 0, 0, 1984, 40965, 35766967538
1.72236e+18, 29, 55, 0, 0, 1984, 40965, 35766967538
1.72236e+18, 29, 55, 0, 0, 1984, 40965, 35766967538
1.72236e+18, 29, 55, 0, 0, 1984, 40965, 35766967538
1.72236e+18, 29, 55, 0, 0, 1984, 40965, 35766967538
1.72236e+18, 29, 55, 0, 0, 1984, 40965, 35766967538
1.72236e+18, 29, 55, 0, 0, 1984, 40965, 35766967538
1.72236e+18, 29, 55, 0, 0, 1984, 40965, 35766967538
1.72236e+18, 29, 55, 0, 0, 1984, 40965, 35766967538
1.72236e+18, 29, 55, 0, 0, 1984, 40965, 35766967538
1.72236e+18, 29, 55, 0, 0, 1984, 40965, 35766967538
1.72236e+18, 29, 55, 0, 0, 1984, 40965, 35766967538
1.72236e+18, 29, 55, 0, 0, 1984, 40965, 35766967538
1.72236e+18, 29, 55, 0, 0, 1984, 40965, 35766967538
1.72236e+18, 29, 55, 0, 0, 1984, 40965, 35766967538
1.72236e+18, 29, 55, 0, 0, 1984, 40965, 35766967538
1.72236e+18, 29, 55, 0, 0, 1984, 40965, 35766967538
