timestamp, temperature_gpu, power_draw_w, power_limit_w, utilization_gpu, utilization_memory, memory_used_mib, memory_free_mib, clocks_throttle_reasons_active, clocks_current_sm_mhz, clocks_applications_graphics_mhz, clocks_current_memory_mhz, clocks_max_memory_mhz, pstate
1722862115182081323, 29, 58, 400, 0, 0, 1984, 40965, 0, 1095, 1095, 1215, 1215, 0
1722862115200609608, 29, 58, 400, 0, 0, 1984, 40965, 0, 1095, 1095, 1215, 1215, 0
1722862115203085971, 29, 58, 400, 0, 0, 1984, 40965, 0, 1095, 1095, 1215, 1215, 0
1722862115205551510, 29, 58, 400, 0, 0, 1984, 40965, 0, 1095, 1095, 1215, 1215, 0
1722862115208026930, 29, 58, 400, 0, 0, 1984, 40965, 0, 1095, 1095, 1215, 1215, 0
1722862115210494787, 29, 58, 400, 0, 0, 1984, 40965, 0, 1095, 1095, 1215, 1215, 0
1722862115213296691, 29, 58, 400, 0, 0, 1984, 40965, 0, 1095, 1095, 1215, 1215, 0
1722862115217501629, 29, 58, 400, 0, 0, 1984, 40965, 0, 1095, 1095, 1215, 1215, 0
1722862115219973179, 29, 58, 400, 0, 0, 1984, 40965, 0, 1095, 1095, 1215, 1215, 0
1722862115222445088, 29, 58, 400, 0, 0, 1984, 40965, 0, 1095, 1095, 1215, 1215, 0
1722862115224914105, 29, 58, 400, 0, 0, 1984, 40965, 0, 1095, 1095, 1215, 1215, 0
1722862115227381508, 29, 58, 400, 0, 0, 1984, 40965, 0, 1095, 1095, 1215, 1215, 0
1722862115232900013, 29, 58, 400, 0, 0, 1984, 40965, 0, 1095, 1095, 1215, 1215, 0
1722862115235370669, 29, 58, 400, 0, 0, 1984, 40965, 0, 1095, 1095, 1215, 1215, 0
1722862115237838484, 29, 58, 400, 0, 0, 1984, 40965, 0, 1095, 1095, 1215, 1215, 0
1722862115240311049, 29, 58, 400, 0, 0, 1984, 40965, 0, 1095, 1095, 1215, 1215, 0
1722862115242788010, 29, 58, 400, 0, 0, 1984, 40965, 0, 1095, 1095, 1215, 1215, 0
1722862115247605440, 29, 58, 400, 0, 0, 1984, 40965, 0, 1095, 1095, 1215, 1215, 0
1722862115250070481, 29, 58, 400, 0, 0, 1984, 40965, 0, 1095, 1095, 1215, 1215, 0
1722862115252681299, 29, 58, 400, 0, 0, 1984, 40965, 0, 1095, 1095, 1215, 1215, 0
1722862115255149285, 29, 58, 400, 0, 0, 1984, 40965, 0, 1095, 1095, 1215, 1215, 0
1722862115257617858, 29, 58, 400, 0, 0, 1984, 40965, 0, 1095, 1095, 1215, 1215, 0
1722862115260093482, 29, 58, 400, 0, 0, 1984, 40965, 0, 1095, 1095, 1215, 1215, 0
1722862115264465165, 29, 58, 400, 0, 0, 1984, 40965, 0, 1095, 1095, 1215, 1215, 0
1722862115266931041, 29, 58, 400, 0, 0, 1984, 40965, 0, 1095, 1095, 1215, 1215, 0
1722862115269404169, 29, 58, 400, 0, 0, 1984, 40965, 0, 1095, 1095, 1215, 1215, 0
1722862115271873035, 29, 58, 400, 0, 0, 1984, 40965, 0, 1095, 1095, 1215, 1215, 0
1722862115274398385, 29, 58, 400, 0, 0, 1984, 40965, 0, 1095, 1095, 1215, 1215, 0
1722862115276870495, 29, 58, 400, 0, 0, 1984, 40965, 0, 1095, 1095, 1215, 1215, 0
1722862115281478938, 29, 58, 400, 0, 0, 1984, 40965, 0, 1095, 1095, 1215, 1215, 0
1722862115283951402, 29, 58, 400, 0, 0, 1984, 40965, 0, 1095, 1095, 1215, 1215, 0
1722862115286423418, 29, 58, 400, 0, 0, 1984, 40965, 0, 1095, 1095, 1215, 1215, 0
1722862115288892506, 29, 58, 400, 0, 0, 1984, 40965, 0, 1095, 1095, 1215, 1215, 0
1722862115291364372, 29, 58, 400, 0, 0, 1984, 40965, 0, 1095, 1095, 1215, 1215, 0
1722862115293890219, 29, 58, 400, 0, 0, 1984, 40965, 0, 1095, 1095, 1215, 1215, 0
1722862115297845432, 29, 58, 400, 0, 0, 1984, 40965, 0, 1095, 1095, 1215, 1215, 0
1722862115300317370, 29, 58, 400, 0, 0, 1984, 40965, 0, 1095, 1095, 1215, 1215, 0
1722862115302785589, 29, 58, 400, 0, 0, 1984, 40965, 0, 1095, 1095, 1215, 1215, 0
1722862115305251369, 29, 58, 400, 0, 0, 1984, 40965, 0, 1095, 1095, 1215, 1215, 0
1722862115307718822, 29, 58, 400, 0, 0, 1984, 40965, 0, 1095, 1095, 1215, 1215, 0
1722862115312687727, 29, 58, 400, 0, 0, 1984, 40965, 0, 1095, 1095, 1215, 1215, 0
1722862115315414842, 29, 58, 400, 0, 0, 1984, 40965, 0, 1095, 1095, 1215, 1215, 0
1722862115317881451, 29, 58, 400, 0, 0, 1984, 40965, 0, 1095, 1095, 1215, 1215, 0
1722862115320355688, 29, 58, 400, 0, 0, 1984, 40965, 0, 1095, 1095, 1215, 1215, 0
1722862115322818237, 29, 58, 400, 0, 0, 1984, 40965, 0, 1095, 1095, 1215, 1215, 0
1722862115327756576, 29, 58, 400, 0, 0, 1984, 40965, 0, 1095, 1095, 1215, 1215, 0
1722862115330234508, 29, 58, 400, 0, 0, 1984, 40965, 0, 1095, 1095, 1215, 1215, 0
1722862115332702426, 29, 58, 400, 0, 0, 1984, 40965, 0, 1095, 1095, 1215, 1215, 0
1722862115335237420, 29, 58, 400, 0, 0, 1984, 40965, 0, 1095, 1095, 1215, 1215, 0
1722862115337710718, 29, 58, 400, 0, 0, 1984, 40965, 0, 1095, 1095, 1215, 1215, 0
1722862115340184202, 29, 58, 400, 0, 0, 1984, 40965, 0, 1095, 1095, 1215, 1215, 0
1722862115344833353, 29, 58, 400, 0, 0, 1984, 40965, 0, 1095, 1095, 1215, 1215, 0
1722862115347302937, 29, 58, 400, 0, 0, 1984, 40965, 0, 1095, 1095, 1215, 1215, 0
1722862115349774588, 29, 58, 400, 0, 0, 1984, 40965, 0, 1095, 1095, 1215, 1215, 0
1722862115352244045, 29, 58, 400, 0, 0, 1984, 40965, 0, 1095, 1095, 1215, 1215, 0
1722862115354775253, 29, 58, 400, 0, 0, 1984, 40965, 0, 1095, 1095, 1215, 1215, 0
1722862115359524948, 29, 58, 400, 0, 0, 1984, 40965, 0, 1095, 1095, 1215, 1215, 0
1722862115361996394, 29, 58, 400, 0, 0, 1984, 40965, 0, 1095, 1095, 1215, 1215, 0
1722862115364465376, 29, 58, 400, 0, 0, 1984, 40965, 0, 1095, 1095, 1215, 1215, 0
1722862115366936150, 29, 58, 400, 0, 0, 1984, 40965, 0, 1095, 1095, 1215, 1215, 0
1722862115369403959, 29, 58, 400, 0, 0, 1984, 40965, 0, 1095, 1095, 1215, 1215, 0
1722862115371876017, 29, 58, 400, 0, 0, 1984, 40965, 0, 1095, 1095, 1215, 1215, 0
1722862115377103132, 29, 58, 400, 0, 0, 1984, 40965, 0, 1095, 1095, 1215, 1215, 0
1722862115379572163, 29, 58, 400, 0, 0, 1984, 40965, 0, 1095, 1095, 1215, 1215, 0
1722862115382051368, 29, 58, 400, 0, 0, 1984, 40965, 0, 1095, 1095, 1215, 1215, 0
1722862115384514465, 29, 58, 400, 0, 0, 1984, 40965, 0, 1095, 1095, 1215, 1215, 0
1722862115386980736, 29, 58, 400, 0, 0, 1984, 40965, 0, 1095, 1095, 1215, 1215, 0
1722862115389458381, 29, 58, 400, 0, 0, 1984, 40965, 0, 1095, 1095, 1215, 1215, 0
1722862115393315774, 29, 58, 400, 0, 0, 1984, 40965, 0, 1095, 1095, 1215, 1215, 0
1722862115395959887, 29, 58, 400, 0, 0, 1984, 40965, 0, 1095, 1095, 1215, 1215, 0
1722862115398431547, 29, 58, 400, 0, 0, 1984, 40965, 0, 1095, 1095, 1215, 1215, 0
1722862115400902894, 29, 58, 400, 0, 0, 1984, 40965, 0, 1095, 1095, 1215, 1215, 0
1722862115403368647, 29, 58, 400, 0, 0, 1984, 40965, 0, 1095, 1095, 1215, 1215, 0
1722862115408819746, 29, 58, 400, 0, 0, 1984, 40965, 0, 1095, 1095, 1215, 1215, 0
1722862115411291439, 29, 58, 400, 0, 0, 1984, 40965, 0, 1095, 1095, 1215, 1215, 0
1722862115413756691, 29, 58, 400, 0, 0, 1984, 40965, 0, 1095, 1095, 1215, 1215, 0
1722862115418013739, 29, 59, 400, 0, 0, 1984, 40965, 0, 1095, 1095, 1215, 1215, 0
1722862115420483339, 29, 59, 400, 0, 0, 1984, 40965, 0, 1095, 1095, 1215, 1215, 0
1722862115424322343, 29, 59, 400, 0, 0, 1984, 40965, 0, 1095, 1095, 1215, 1215, 0
1722862115426791479, 29, 59, 400, 0, 0, 1984, 40965, 0, 1095, 1095, 1215, 1215, 0
1722862115429259886, 29, 59, 400, 0, 0, 1984, 40965, 0, 1095, 1095, 1215, 1215, 0
1722862115431730863, 29, 59, 400, 0, 0, 1984, 40965, 0, 1095, 1095, 1215, 1215, 0
1722862115434198494, 29, 59, 400, 0, 0, 1984, 40965, 0, 1095, 1095, 1215, 1215, 0
1722862115436735024, 29, 59, 400, 0, 0, 1984, 40965, 0, 1095, 1095, 1215, 1215, 0
1722862115441021407, 29, 59, 400, 0, 0, 1984, 40965, 0, 1095, 1095, 1215, 1215, 0
1722862115443497149, 29, 59, 400, 0, 0, 1984, 40965, 0, 1095, 1095, 1215, 1215, 0
1722862115445961249, 29, 59, 400, 0, 0, 1984, 40965, 0, 1095, 1095, 1215, 1215, 0
1722862115448430174, 29, 59, 400, 0, 0, 1984, 40965, 0, 1095, 1095, 1215, 1215, 0
1722862115450902694, 29, 59, 400, 0, 0, 1984, 40965, 0, 1095, 1095, 1215, 1215, 0
1722862115453364519, 29, 59, 400, 0, 0, 1984, 40965, 0, 1095, 1095, 1215, 1215, 0
1722862115458397753, 29, 59, 400, 0, 0, 1984, 40965, 0, 1095, 1095, 1215, 1215, 0
1722862115460870085, 29, 59, 400, 0, 0, 1984, 40965, 0, 1095, 1095, 1215, 1215, 0
1722862115463341074, 29, 59, 400, 0, 0, 1984, 40965, 0, 1095, 1095, 1215, 1215, 0
1722862115465804603, 29, 59, 400, 0, 0, 1984, 40965, 0, 1095, 1095, 1215, 1215, 0
1722862115468272870, 29, 59, 400, 0, 0, 1984, 40965, 0, 1095, 1095, 1215, 1215, 0
1722862115473251151, 29, 59, 400, 0, 0, 1984, 40965, 0, 1095, 1095, 1215, 1215, 0
1722862115475938941, 29, 59, 400, 0, 0, 1984, 40965, 0, 1095, 1095, 1215, 1215, 0
1722862115478408260, 29, 59, 400, 0, 0, 1984, 40965, 0, 1095, 1095, 1215, 1215, 0
1722862115480878004, 29, 59, 400, 0, 0, 1984, 40965, 0, 1095, 1095, 1215, 1215, 0
1722862115483347616, 29, 59, 400, 0, 0, 1984, 40965, 0, 1095, 1095, 1215, 1215, 0
1722862115488939410, 29, 59, 400, 0, 0, 1984, 40965, 0, 1095, 1095, 1215, 1215, 0
1722862115491409489, 29, 59, 400, 0, 0, 1984, 40965, 0, 1095, 1095, 1215, 1215, 0
1722862115493884634, 29, 59, 400, 0, 0, 1984, 40965, 0, 1095, 1095, 1215, 1215, 0
1722862115496407353, 29, 59, 400, 0, 0, 1984, 40965, 0, 1095, 1095, 1215, 1215, 0
1722862115498871591, 29, 59, 400, 0, 0, 1984, 40965, 0, 1095, 1095, 1215, 1215, 0
1722862115501341367, 29, 59, 400, 0, 0, 1984, 40965, 0, 1095, 1095, 1215, 1215, 0
1722862115506057534, 29, 59, 400, 0, 0, 1984, 40965, 0, 1095, 1095, 1215, 1215, 0
1722862115508521956, 29, 59, 400, 0, 0, 1984, 40965, 0, 1095, 1095, 1215, 1215, 0
1722862115514473035, 29, 59, 400, 0, 0, 1984, 40965, 0, 1095, 1095, 1215, 1215, 0
1722862115521315333, 29, 58, 400, 0, 0, 1984, 40965, 0, 1095, 1095, 1215, 1215, 0
1722862115523777606, 29, 58, 400, 0, 0, 1984, 40965, 0, 1095, 1095, 1215, 1215, 0
1722862115526240078, 29, 58, 400, 0, 0, 1984, 40965, 0, 1095, 1095, 1215, 1215, 0
1722862115528713261, 29, 58, 400, 0, 0, 1984, 40965, 0, 1095, 1095, 1215, 1215, 0
1722862115531183063, 29, 58, 400, 0, 0, 1984, 40965, 0, 1095, 1095, 1215, 1215, 0
1722862115533646795, 29, 58, 400, 0, 0, 1984, 40965, 0, 1095, 1095, 1215, 1215, 0
1722862115539182963, 29, 58, 400, 0, 0, 1984, 40965, 0, 1095, 1095, 1215, 1215, 0
1722862115541657454, 29, 58, 400, 0, 0, 1984, 40965, 0, 1095, 1095, 1215, 1215, 0
1722862115544120426, 29, 58, 400, 0, 0, 1984, 40965, 0, 1095, 1095, 1215, 1215, 0
1722862115546591225, 29, 58, 400, 0, 0, 1984, 40965, 0, 1095, 1095, 1215, 1215, 0
1722862115549061925, 29, 58, 400, 0, 0, 1984, 40965, 0, 1095, 1095, 1215, 1215, 0
1722862115552967026, 29, 58, 400, 0, 0, 1984, 40965, 0, 1095, 1095, 1215, 1215, 0
1722862115555436202, 29, 58, 400, 0, 0, 1984, 40965, 0, 1095, 1095, 1215, 1215, 0
1722862115557899443, 29, 58, 400, 0, 0, 1984, 40965, 0, 1095, 1095, 1215, 1215, 0
1722862115560427745, 29, 58, 400, 0, 0, 1984, 40965, 0, 1095, 1095, 1215, 1215, 0
1722862115562897544, 29, 58, 400, 0, 0, 1984, 40965, 0, 1095, 1095, 1215, 1215, 0
1722862115565364457, 29, 58, 400, 0, 0, 1984, 40965, 0, 1095, 1095, 1215, 1215, 0
1722862115570180911, 29, 58, 400, 0, 0, 1984, 40965, 0, 1095, 1095, 1215, 1215, 0
1722862115572648825, 29, 58, 400, 0, 0, 1984, 40965, 0, 1095, 1095, 1215, 1215, 0
1722862115575112527, 29, 58, 400, 0, 0, 1984, 40965, 0, 1095, 1095, 1215, 1215, 0
1722862115577578812, 29, 58, 400, 0, 0, 1984, 40965, 0, 1095, 1095, 1215, 1215, 0
1722862115580112600, 29, 58, 400, 0, 0, 1984, 40965, 0, 1095, 1095, 1215, 1215, 0
1722862115582577304, 29, 58, 400, 0, 0, 1984, 40965, 0, 1095, 1095, 1215, 1215, 0
1722862115586424949, 29, 58, 400, 0, 0, 1984, 40965, 0, 1095, 1095, 1215, 1215, 0
1722862115588902410, 29, 58, 400, 0, 0, 1984, 40965, 0, 1095, 1095, 1215, 1215, 0
1722862115591365683, 29, 58, 400, 0, 0, 1984, 40965, 0, 1095, 1095, 1215, 1215, 0
1722862115593829042, 29, 58, 400, 0, 0, 1984, 40965, 0, 1095, 1095, 1215, 1215, 0
1722862115596297075, 29, 58, 400, 0, 0, 1984, 40965, 0, 1095, 1095, 1215, 1215, 0
1722862115602248134, 29, 58, 400, 0, 0, 1984, 40965, 0, 1095, 1095, 1215, 1215, 0
1722862115604713728, 29, 58, 400, 0, 0, 1984, 40965, 0, 1095, 1095, 1215, 1215, 0
1722862115607187596, 29, 58, 400, 0, 0, 1984, 40965, 0, 1095, 1095, 1215, 1215, 0
1722862115609657870, 29, 58, 400, 0, 0, 1984, 40965, 0, 1095, 1095, 1215, 1215, 0
1722862115612120203, 29, 58, 400, 0, 0, 1984, 40965, 0, 1095, 1095, 1215, 1215, 0
1722862115616581646, 29, 58, 400, 0, 0, 1984, 40965, 0, 1095, 1095, 1215, 1215, 0
1722862115619044885, 29, 58, 400, 0, 0, 1984, 40965, 0, 1095, 1095, 1215, 1215, 0
1722862115621777724, 29, 59, 400, 0, 0, 1984, 40965, 0, 1095, 1095, 1215, 1215, 0
1722862115624245780, 29, 59, 400, 0, 0, 1984, 40965, 0, 1095, 1095, 1215, 1215, 0
1722862115626713581, 29, 59, 400, 0, 0, 1984, 40965, 0, 1095, 1095, 1215, 1215, 0
1722862115631068233, 29, 59, 400, 0, 0, 1984, 40965, 0, 1095, 1095, 1215, 1215, 0
1722862115633539508, 29, 59, 400, 0, 0, 1984, 40965, 0, 1095, 1095, 1215, 1215, 0
1722862115636003972, 29, 59, 400, 0, 0, 1984, 40965, 0, 1095, 1095, 1215, 1215, 0
1722862115638469963, 29, 59, 400, 0, 0, 1984, 40965, 0, 1095, 1095, 1215, 1215, 0
1722862115641019995, 29, 59, 400, 0, 0, 1984, 40965, 0, 1095, 1095, 1215, 1215, 0
1722862115643486559, 29, 59, 400, 0, 0, 1984, 40965, 0, 1095, 1095, 1215, 1215, 0
1722862115647473126, 29, 59, 400, 0, 0, 1984, 40965, 0, 1095, 1095, 1215, 1215, 0
1722862115649951741, 29, 59, 400, 0, 0, 1984, 40965, 0, 1095, 1095, 1215, 1215, 0
1722862115652414514, 29, 59, 400, 0, 0, 1984, 40965, 0, 1095, 1095, 1215, 1215, 0
1722862115654879403, 29, 59, 400, 0, 0, 1984, 40965, 0, 1095, 1095, 1215, 1215, 0
1722862115657352815, 29, 59, 400, 0, 0, 1984, 40965, 0, 1095, 1095, 1215, 1215, 0
1722862115662659237, 29, 59, 400, 0, 0, 1984, 40965, 0, 1095, 1095, 1215, 1215, 0
1722862115665126581, 29, 59, 400, 0, 0, 1984, 40965, 0, 1095, 1095, 1215, 1215, 0
1722862115667598984, 29, 59, 400, 0, 0, 1984, 40965, 0, 1095, 1095, 1215, 1215, 0
1722862115670069254, 29, 59, 400, 0, 0, 1984, 40965, 0, 1095, 1095, 1215, 1215, 0
1722862115672531997, 29, 59, 400, 0, 0, 1984, 40965, 0, 1095, 1095, 1215, 1215, 0
1722862115676467658, 29, 59, 400, 0, 0, 1984, 40965, 0, 1095, 1095, 1215, 1215, 0
1722862115678938772, 29, 59, 400, 0, 0, 1984, 40965, 0, 1095, 1095, 1215, 1215, 0
1722862115681403381, 29, 59, 400, 0, 0, 1984, 40965, 0, 1095, 1095, 1215, 1215, 0
1722862115683932596, 29, 59, 400, 0, 0, 1984, 40965, 0, 1095, 1095, 1215, 1215, 0
1722862115686397535, 29, 59, 400, 0, 0, 1984, 40965, 0, 1095, 1095, 1215, 1215, 0
1722862115691232864, 29, 59, 400, 0, 0, 1984, 40965, 0, 1095, 1095, 1215, 1215, 0
1722862115693701609, 29, 59, 400, 0, 0, 1984, 40965, 0, 1095, 1095, 1215, 1215, 0
1722862115696171356, 29, 59, 400, 0, 0, 1984, 40965, 0, 1095, 1095, 1215, 1215, 0
1722862115698639699, 29, 59, 400, 0, 0, 1984, 40965, 0, 1095, 1095, 1215, 1215, 0
1722862115701112633, 29, 59, 400, 0, 0, 1984, 40965, 0, 1095, 1095, 1215, 1215, 0
1722862115703632758, 29, 59, 400, 0, 0, 1984, 40965, 0, 1095, 1095, 1215, 1215, 0
1722862115707542818, 29, 59, 400, 0, 0, 1984, 40965, 0, 1095, 1095, 1215, 1215, 0
1722862115710021462, 29, 59, 400, 0, 0, 1984, 40965, 0, 1095, 1095, 1215, 1215, 0
1722862115712484144, 29, 59, 400, 0, 0, 1984, 40965, 0, 1095, 1095, 1215, 1215, 0
1722862115714953796, 29, 59, 400, 0, 0, 1984, 40965, 0, 1095, 1095, 1215, 1215, 0
1722862115717425458, 29, 59, 400, 0, 0, 1984, 40965, 0, 1095, 1095, 1215, 1215, 0
1722862115722332117, 29, 59, 400, 0, 0, 1984, 40965, 0, 1095, 1095, 1215, 1215, 0
1722862115725052517, 29, 58, 400, 0, 0, 1984, 40965, 0, 1095, 1095, 1215, 1215, 0
1722862115727523901, 29, 58, 400, 0, 0, 1984, 40965, 0, 1095, 1095, 1215, 1215, 0
1722862115729993788, 29, 58, 400, 0, 0, 1984, 40965, 0, 1095, 1095, 1215, 1215, 0
1722862115732455590, 29, 58, 400, 0, 0, 1984, 40965, 0, 1095, 1095, 1215, 1215, 0
1722862115737415304, 29, 58, 400, 0, 0, 1984, 40965, 0, 1095, 1095, 1215, 1215, 0
1722862115739885194, 29, 58, 400, 0, 0, 1984, 40965, 0, 1095, 1095, 1215, 1215, 0
1722862115742343118, 29, 58, 400, 0, 0, 1984, 40965, 0, 1095, 1095, 1215, 1215, 0
1722862115744901942, 29, 58, 400, 0, 0, 1984, 40965, 0, 1095, 1095, 1215, 1215, 0
1722862115747369663, 29, 58, 400, 0, 0, 1984, 40965, 0, 1095, 1095, 1215, 1215, 0
1722862115749838829, 29, 58, 400, 0, 0, 1984, 40965, 0, 1095, 1095, 1215, 1215, 0
1722862115754572557, 29, 58, 400, 0, 0, 1984, 40965, 0, 1095, 1095, 1215, 1215, 0
1722862115757041796, 29, 58, 400, 0, 0, 1984, 40965, 0, 1095, 1095, 1215, 1215, 0
1722862115759513603, 29, 58, 400, 0, 0, 1984, 40965, 0, 1095, 1095, 1215, 1215, 0
1722862115761981814, 29, 58, 400, 0, 0, 1984, 40965, 0, 1095, 1095, 1215, 1215, 0
1722862115764525557, 29, 58, 400, 0, 0, 1984, 40965, 0, 1095, 1095, 1215, 1215, 0
1722862115766995308, 29, 58, 400, 0, 0, 1984, 40965, 0, 1095, 1095, 1215, 1215, 0
1722862115772044702, 29, 58, 400, 0, 0, 1984, 40965, 0, 1095, 1095, 1215, 1215, 0
1722862115774507738, 29, 58, 400, 0, 0, 1984, 40965, 0, 1095, 1095, 1215, 1215, 0
1722862115776977493, 29, 58, 400, 0, 0, 1984, 40965, 0, 1095, 1095, 1215, 1215, 0
1722862115779450905, 29, 58, 400, 0, 0, 1984, 40965, 0, 1095, 1095, 1215, 1215, 0
1722862115781913435, 29, 58, 400, 0, 0, 1984, 40965, 0, 1095, 1095, 1215, 1215, 0
1722862115784437143, 29, 58, 400, 0, 0, 1984, 40965, 0, 1095, 1095, 1215, 1215, 0
1722862115788341181, 29, 58, 400, 0, 0, 1984, 40965, 0, 1095, 1095, 1215, 1215, 0
1722862115790809208, 29, 58, 400, 0, 0, 1984, 40965, 0, 1095, 1095, 1215, 1215, 0
1722862115793272018, 29, 58, 400, 0, 0, 1984, 40965, 0, 1095, 1095, 1215, 1215, 0
1722862115795742953, 29, 58, 400, 0, 0, 1984, 40965, 0, 1095, 1095, 1215, 1215, 0
1722862115798213532, 29, 58, 400, 0, 0, 1984, 40965, 0, 1095, 1095, 1215, 1215, 0
1722862115803208527, 29, 58, 400, 0, 0, 1984, 40965, 0, 1095, 1095, 1215, 1215, 0
1722862115805745121, 29, 58, 400, 0, 0, 1984, 40965, 0, 1095, 1095, 1215, 1215, 0
1722862115808213874, 29, 58, 400, 0, 0, 1984, 40965, 0, 1095, 1095, 1215, 1215, 0
1722862115810681834, 29, 58, 400, 0, 0, 1984, 40965, 0, 1095, 1095, 1215, 1215, 0
1722862115813150064, 29, 58, 400, 0, 0, 1984, 40965, 0, 1095, 1095, 1215, 1215, 0
1722862115815618167, 29, 58, 400, 0, 0, 1984, 40965, 0, 1095, 1095, 1215, 1215, 0
1722862115819523339, 29, 58, 400, 0, 0, 1984, 40965, 0, 1095, 1095, 1215, 1215, 0
1722862115821991964, 29, 58, 400, 0, 0, 1984, 40965, 0, 1095, 1095, 1215, 1215, 0
1722862115825211713, 29, 58, 400, 0, 0, 1984, 40965, 0, 1095, 1095, 1215, 1215, 0
1722862115827682858, 29, 58, 400, 0, 0, 1984, 40965, 0, 1095, 1095, 1215, 1215, 0
1722862115830156988, 29, 58, 400, 0, 0, 1984, 40965, 0, 1095, 1095, 1215, 1215, 0
1722862115835096475, 29, 58, 400, 0, 0, 1984, 40965, 0, 1095, 1095, 1215, 1215, 0
1722862115837566257, 29, 58, 400, 0, 0, 1984, 40965, 0, 1095, 1095, 1215, 1215, 0
1722862115840042961, 29, 58, 400, 0, 0, 1984, 40965, 0, 1095, 1095, 1215, 1215, 0
1722862115842506916, 29, 58, 400, 0, 0, 1984, 40965, 0, 1095, 1095, 1215, 1215, 0
1722862115845048376, 29, 58, 400, 0, 0, 1984, 40965, 0, 1095, 1095, 1215, 1215, 0
1722862115847519257, 29, 58, 400, 0, 0, 1984, 40965, 0, 1095, 1095, 1215, 1215, 0
1722862115852483493, 29, 58, 400, 0, 0, 1984, 40965, 0, 1095, 1095, 1215, 1215, 0
1722862115854947134, 29, 58, 400, 0, 0, 1984, 40965, 0, 1095, 1095, 1215, 1215, 0
1722862115857421354, 29, 58, 400, 0, 0, 1984, 40965, 0, 1095, 1095, 1215, 1215, 0
1722862115859890979, 29, 58, 400, 0, 0, 1984, 40965, 0, 1095, 1095, 1215, 1215, 0
1722862115862352757, 29, 58, 400, 0, 0, 1984, 40965, 0, 1095, 1095, 1215, 1215, 0
1722862115864888199, 29, 58, 400, 0, 0, 1984, 40965, 0, 1095, 1095, 1215, 1215, 0
1722862115867356504, 29, 58, 400, 0, 0, 1984, 40965, 0, 1095, 1095, 1215, 1215, 0
1722862115873045697, 29, 58, 400, 0, 0, 1984, 40965, 0, 1095, 1095, 1215, 1215, 0
1722862115875514963, 29, 58, 400, 0, 0, 1984, 40965, 0, 1095, 1095, 1215, 1215, 0
1722862115877984619, 29, 58, 400, 0, 0, 1984, 40965, 0, 1095, 1095, 1215, 1215, 0
1722862115880454087, 29, 58, 400, 0, 0, 1984, 40965, 0, 1095, 1095, 1215, 1215, 0
1722862115882927266, 29, 58, 400, 0, 0, 1984, 40965, 0, 1095, 1095, 1215, 1215, 0
1722862115885455726, 29, 58, 400, 0, 0, 1984, 40965, 0, 1095, 1095, 1215, 1215, 0
1722862115889289619, 29, 58, 400, 0, 0, 1984, 40965, 0, 1095, 1095, 1215, 1215, 0
1722862115891756744, 29, 58, 400, 0, 0, 1984, 40965, 0, 1095, 1095, 1215, 1215, 0
1722862115894218858, 29, 58, 400, 0, 0, 1984, 40965, 0, 1095, 1095, 1215, 1215, 0
1722862115896686830, 29, 58, 400, 0, 0, 1984, 40965, 0, 1095, 1095, 1215, 1215, 0
1722862115899159533, 29, 58, 400, 0, 0, 1984, 40965, 0, 1095, 1095, 1215, 1215, 0
1722862115901624622, 29, 58, 400, 0, 0, 1984, 40965, 0, 1095, 1095, 1215, 1215, 0
1722862115906568389, 29, 58, 400, 0, 0, 1984, 40965, 0, 1095, 1095, 1215, 1215, 0
1722862115909044379, 29, 58, 400, 0, 0, 1984, 40965, 0, 1095, 1095, 1215, 1215, 0
1722862115911508489, 29, 58, 400, 0, 0, 1984, 40965, 0, 1095, 1095, 1215, 1215, 0
1722862115913972225, 29, 58, 400, 0, 0, 1984, 40965, 0, 1095, 1095, 1215, 1215, 0
1722862115916442306, 29, 58, 400, 0, 0, 1984, 40965, 0, 1095, 1095, 1215, 1215, 0
1722862115922780195, 29, 58, 400, 0, 0, 1984, 40965, 0, 1095, 1095, 1215, 1215, 0
1722862115925241452, 29, 58, 400, 0, 0, 1984, 40965, 0, 1095, 1095, 1215, 1215, 0
1722862115927975284, 29, 59, 400, 0, 0, 1984, 40965, 0, 1095, 1095, 1215, 1215, 0
1722862115930443504, 29, 59, 400, 0, 0, 1984, 40965, 0, 1095, 1095, 1215, 1215, 0
1722862115932905088, 29, 59, 400, 0, 0, 1984, 40965, 0, 1095, 1095, 1215, 1215, 0
1722862115937887008, 29, 59, 400, 0, 0, 1984, 40965, 0, 1095, 1095, 1215, 1215, 0
1722862115940356102, 29, 59, 400, 0, 0, 1984, 40965, 0, 1095, 1095, 1215, 1215, 0
1722862115942822975, 29, 59, 400, 0, 0, 1984, 40965, 0, 1095, 1095, 1215, 1215, 0
1722862115945290079, 29, 59, 400, 0, 0, 1984, 40965, 0, 1095, 1095, 1215, 1215, 0
1722862115947828857, 29, 59, 400, 0, 0, 1984, 40965, 0, 1095, 1095, 1215, 1215, 0
1722862115953614593, 29, 59, 400, 0, 0, 1984, 40965, 0, 1095, 1095, 1215, 1215, 0
1722862115956081927, 29, 59, 400, 0, 0, 1984, 40965, 0, 1095, 1095, 1215, 1215, 0
1722862115958548513, 29, 59, 400, 0, 0, 1984, 40965, 0, 1095, 1095, 1215, 1215, 0
1722862115961015426, 29, 59, 400, 0, 0, 1984, 40965, 0, 1095, 1095, 1215, 1215, 0
1722862115963486292, 29, 59, 400, 0, 0, 1984, 40965, 0, 1095, 1095, 1215, 1215, 0
1722862115965948044, 29, 59, 400, 0, 0, 1984, 40965, 0, 1095, 1095, 1215, 1215, 0
1722862115968494519, 29, 59, 400, 0, 0, 1984, 40965, 0, 1095, 1095, 1215, 1215, 0
1722862115974029850, 29, 59, 400, 0, 0, 1984, 40965, 0, 1095, 1095, 1215, 1215, 0
1722862115976491678, 29, 59, 400, 0, 0, 1984, 40965, 0, 1095, 1095, 1215, 1215, 0
1722862115978958389, 29, 59, 400, 0, 0, 1984, 40965, 0, 1095, 1095, 1215, 1215, 0
1722862115981428815, 29, 59, 400, 0, 0, 1984, 40965, 0, 1095, 1095, 1215, 1215, 0
1722862115983898115, 29, 59, 400, 0, 0, 1984, 40965, 0, 1095, 1095, 1215, 1215, 0
1722862115986358987, 29, 59, 400, 0, 0, 1984, 40965, 0, 1095, 1095, 1215, 1215, 0
1722862115991178562, 29, 59, 400, 0, 0, 1984, 40965, 0, 1095, 1095, 1215, 1215, 0
1722862115993650635, 29, 59, 400, 0, 0, 1984, 40965, 0, 1095, 1095, 1215, 1215, 0
1722862115996115768, 29, 59, 400, 0, 0, 1984, 40965, 0, 1095, 1095, 1215, 1215, 0
1722862115998588338, 29, 59, 400, 0, 0, 1984, 40965, 0, 1095, 1095, 1215, 1215, 0
1722862116001055647, 29, 59, 400, 0, 0, 1984, 40965, 0, 1095, 1095, 1215, 1215, 0
1722862116005828769, 29, 59, 400, 0, 0, 1984, 40965, 0, 1095, 1095, 1215, 1215, 0
1722862116008365983, 29, 59, 400, 0, 0, 1984, 40965, 0, 1095, 1095, 1215, 1215, 0
1722862116010835391, 29, 59, 400, 0, 0, 1984, 40965, 0, 1095, 1095, 1215, 1215, 0
1722862116013306517, 29, 59, 400, 0, 0, 1984, 40965, 0, 1095, 1095, 1215, 1215, 0
1722862116015774322, 29, 59, 400, 0, 0, 1984, 40965, 0, 1095, 1095, 1215, 1215, 0
1722862116020421853, 29, 59, 400, 0, 0, 1984, 40965, 0, 1095, 1095, 1215, 1215, 0
1722862116022892120, 29, 59, 400, 0, 0, 1984, 40965, 0, 1095, 1095, 1215, 1215, 0
1722862116025362727, 29, 59, 400, 0, 0, 1984, 40965, 0, 1095, 1095, 1215, 1215, 0
1722862116028602900, 29, 59, 400, 0, 0, 1984, 40965, 0, 1095, 1095, 1215, 1215, 0
1722862116031070856, 29, 59, 400, 0, 0, 1984, 40965, 0, 1095, 1095, 1215, 1215, 0
1722862116033552474, 29, 59, 400, 0, 0, 1984, 40965, 0, 1095, 1095, 1215, 1215, 0
1722862116037432023, 29, 59, 400, 0, 0, 1984, 40965, 0, 1095, 1095, 1215, 1215, 0
1722862116039899080, 29, 59, 400, 0, 0, 1984, 40965, 0, 1095, 1095, 1215, 1215, 0
1722862116042374314, 29, 59, 400, 0, 0, 1984, 40965, 0, 1095, 1095, 1215, 1215, 0
1722862116044838419, 29, 59, 400, 0, 0, 1984, 40965, 0, 1095, 1095, 1215, 1215, 0
1722862116048125578, 29, 59, 400, 0, 0, 1984, 40965, 0, 1095, 1095, 1215, 1215, 0
1722862116052391792, 29, 59, 400, 0, 0, 1984, 40965, 0, 1095, 1095, 1215, 1215, 0
1722862116054860449, 29, 59, 400, 0, 0, 1984, 40965, 0, 1095, 1095, 1215, 1215, 0
1722862116057322086, 29, 59, 400, 0, 0, 1984, 40965, 0, 1095, 1095, 1215, 1215, 0
1722862116059792607, 29, 59, 400, 0, 0, 1984, 40965, 0, 1095, 1095, 1215, 1215, 0
1722862116062261944, 29, 59, 400, 0, 0, 1984, 40965, 0, 1095, 1095, 1215, 1215, 0
1722862116064723876, 29, 59, 400, 0, 0, 1984, 40965, 0, 1095, 1095, 1215, 1215, 0
1722862116069957287, 29, 59, 400, 0, 0, 1984, 40965, 0, 1095, 1095, 1215, 1215, 0
1722862116072427636, 29, 59, 400, 0, 0, 1984, 40965, 0, 1095, 1095, 1215, 1215, 0
1722862116074894606, 29, 59, 400, 0, 0, 1984, 40965, 0, 1095, 1095, 1215, 1215, 0
1722862116077361127, 29, 59, 400, 0, 0, 1984, 40965, 0, 1095, 1095, 1215, 1215, 0
1722862116079827322, 29, 59, 400, 0, 0, 1984, 40965, 0, 1095, 1095, 1215, 1215, 0
1722862116084796551, 29, 59, 400, 0, 0, 1984, 40965, 0, 1095, 1095, 1215, 1215, 0
1722862116087264275, 29, 59, 400, 0, 0, 1984, 40965, 0, 1095, 1095, 1215, 1215, 0
1722862116089859393, 29, 59, 400, 0, 0, 1984, 40965, 0, 1095, 1095, 1215, 1215, 0
1722862116092329236, 29, 59, 400, 0, 0, 1984, 40965, 0, 1095, 1095, 1215, 1215, 0
1722862116094804161, 29, 59, 400, 0, 0, 1984, 40965, 0, 1095, 1095, 1215, 1215, 0
1722862116099768489, 29, 59, 400, 0, 0, 1984, 40965, 0, 1095, 1095, 1215, 1215, 0
1722862116102237005, 29, 59, 400, 0, 0, 1984, 40965, 0, 1095, 1095, 1215, 1215, 0
1722862116104713489, 29, 59, 400, 0, 0, 1984, 40965, 0, 1095, 1095, 1215, 1215, 0
1722862116107174453, 29, 59, 400, 0, 0, 1984, 40965, 0, 1095, 1095, 1215, 1215, 0
1722862116109902617, 29, 59, 400, 0, 0, 1984, 40965, 0, 1095, 1095, 1215, 1215, 0
1722862116114851100, 29, 59, 400, 0, 0, 1984, 40965, 0, 1095, 1095, 1215, 1215, 0
1722862116117320615, 29, 59, 400, 0, 0, 1984, 40965, 0, 1095, 1095, 1215, 1215, 0
1722862116119783451, 29, 59, 400, 0, 0, 1984, 40965, 0, 1095, 1095, 1215, 1215, 0
1722862116122255882, 29, 59, 400, 0, 0, 1984, 40965, 0, 1095, 1095, 1215, 1215, 0
1722862116124723895, 29, 59, 400, 0, 0, 1984, 40965, 0, 1095, 1095, 1215, 1215, 0
1722862116127187407, 29, 59, 400, 0, 0, 1984, 40965, 0, 1095, 1095, 1215, 1215, 0
1722862116132632547, 29, 59, 400, 0, 0, 1984, 40965, 0, 1095, 1095, 1215, 1215, 0
1722862116135099831, 29, 59, 400, 0, 0, 1984, 40965, 0, 1095, 1095, 1215, 1215, 0
1722862116137567539, 29, 59, 400, 0, 0, 1984, 40965, 0, 1095, 1095, 1215, 1215, 0
1722862116140033255, 29, 59, 400, 0, 0, 1984, 40965, 0, 1095, 1095, 1215, 1215, 0
1722862116142499705, 29, 59, 400, 0, 0, 1984, 40965, 0, 1095, 1095, 1215, 1215, 0
1722862116147457022, 29, 59, 400, 0, 0, 1984, 40965, 0, 1095, 1095, 1215, 1215, 0
1722862116150010800, 29, 59, 400, 0, 0, 1984, 40965, 0, 1095, 1095, 1215, 1215, 0
1722862116152477384, 29, 59, 400, 0, 0, 1984, 40965, 0, 1095, 1095, 1215, 1215, 0
1722862116154952864, 29, 59, 400, 0, 0, 1984, 40965, 0, 1095, 1095, 1215, 1215, 0
1722862116157422619, 29, 59, 400, 0, 0, 1984, 40965, 0, 1095, 1095, 1215, 1215, 0
1722862116162248332, 29, 59, 400, 0, 0, 1984, 40965, 0, 1095, 1095, 1215, 1215, 0
1722862116164716723, 29, 59, 400, 0, 0, 1984, 40965, 0, 1095, 1095, 1215, 1215, 0
1722862116167191835, 29, 59, 400, 0, 0, 1984, 40965, 0, 1095, 1095, 1215, 1215, 0
1722862116169713827, 29, 59, 400, 0, 0, 1984, 40965, 0, 1095, 1095, 1215, 1215, 0
1722862116172182794, 29, 59, 400, 0, 0, 1984, 40965, 0, 1095, 1095, 1215, 1215, 0
1722862116174657076, 29, 59, 400, 0, 0, 1984, 40965, 0, 1095, 1095, 1215, 1215, 0
1722862116178862689, 29, 59, 400, 0, 0, 1984, 40965, 0, 1095, 1095, 1215, 1215, 0
1722862116181325963, 29, 59, 400, 0, 0, 1984, 40965, 0, 1095, 1095, 1215, 1215, 0
1722862116183803765, 29, 59, 400, 0, 0, 1984, 40965, 0, 1095, 1095, 1215, 1215, 0
1722862116186271987, 29, 59, 400, 0, 0, 1984, 40965, 0, 1095, 1095, 1215, 1215, 0
1722862116188731470, 29, 59, 400, 0, 0, 1984, 40965, 0, 1095, 1095, 1215, 1215, 0
1722862116191264936, 29, 59, 400, 0, 0, 1984, 40965, 0, 1095, 1095, 1215, 1215, 0
1722862116196122151, 29, 59, 400, 0, 0, 1984, 40965, 0, 1095, 1095, 1215, 1215, 0
1722862116198583262, 29, 59, 400, 0, 0, 1984, 40965, 0, 1095, 1095, 1215, 1215, 0
1722862116201050280, 29, 59, 400, 0, 0, 1984, 40965, 0, 1095, 1095, 1215, 1215, 0
1722862116203519308, 29, 59, 400, 0, 0, 1984, 40965, 0, 1095, 1095, 1215, 1215, 0
1722862116205986941, 29, 59, 400, 0, 0, 1984, 40965, 0, 1095, 1095, 1215, 1215, 0
1722862116208454038, 29, 59, 400, 0, 0, 1984, 40965, 0, 1095, 1095, 1215, 1215, 0
1722862116213493154, 29, 59, 400, 0, 0, 1984, 40965, 0, 1095, 1095, 1215, 1215, 0
1722862116215965655, 29, 59, 400, 0, 0, 1984, 40965, 0, 1095, 1095, 1215, 1215, 0
1722862116218432399, 29, 59, 400, 0, 0, 1984, 40965, 0, 1095, 1095, 1215, 1215, 0
1722862116220897963, 29, 59, 400, 0, 0, 1984, 40965, 0, 1095, 1095, 1215, 1215, 0
1722862116223364338, 29, 59, 400, 0, 0, 1984, 40965, 0, 1095, 1095, 1215, 1215, 0
1722862116225836144, 29, 59, 400, 0, 0, 1984, 40965, 0, 1095, 1095, 1215, 1215, 0
1722862116231538145, 29, 58, 400, 0, 0, 1984, 40965, 0, 1095, 1095, 1215, 1215, 0
1722862116234007363, 29, 58, 400, 0, 0, 1984, 40965, 0, 1095, 1095, 1215, 1215, 0
1722862116236484600, 29, 58, 400, 0, 0, 1984, 40965, 0, 1095, 1095, 1215, 1215, 0
1722862116238947782, 29, 58, 400, 0, 0, 1984, 40965, 0, 1095, 1095, 1215, 1215, 0
1722862116241407942, 29, 58, 400, 0, 0, 1984, 40965, 0, 1095, 1095, 1215, 1215, 0
1722862116246373961, 29, 58, 400, 0, 0, 1984, 40965, 0, 1095, 1095, 1215, 1215, 0
1722862116248843169, 29, 58, 400, 0, 0, 1984, 40965, 0, 1095, 1095, 1215, 1215, 0
1722862116251393575, 29, 58, 400, 0, 0, 1984, 40965, 0, 1095, 1095, 1215, 1215, 0
1722862116253863687, 29, 58, 400, 0, 0, 1984, 40965, 0, 1095, 1095, 1215, 1215, 0
1722862116256333740, 29, 58, 400, 0, 0, 1984, 40965, 0, 1095, 1095, 1215, 1215, 0
1722862116261311244, 29, 58, 400, 0, 0, 1984, 40965, 0, 1095, 1095, 1215, 1215, 0
1722862116263781717, 29, 58, 400, 0, 0, 1984, 40965, 0, 1095, 1095, 1215, 1215, 0
1722862116266250078, 29, 58, 400, 0, 0, 1984, 40965, 0, 1095, 1095, 1215, 1215, 0
1722862116268716969, 29, 58, 400, 0, 0, 1984, 40965, 0, 1095, 1095, 1215, 1215, 0
1722862116271261938, 29, 58, 400, 0, 0, 1984, 40965, 0, 1095, 1095, 1215, 1215, 0
1722862116276376943, 29, 58, 400, 0, 0, 1984, 40965, 0, 1095, 1095, 1215, 1215, 0
1722862116278846979, 29, 58, 400, 0, 0, 1984, 40965, 0, 1095, 1095, 1215, 1215, 0
1722862116281315470, 29, 58, 400, 0, 0, 1984, 40965, 0, 1095, 1095, 1215, 1215, 0
1722862116283784011, 29, 58, 400, 0, 0, 1984, 40965, 0, 1095, 1095, 1215, 1215, 0
1722862116286250143, 29, 58, 400, 0, 0, 1984, 40965, 0, 1095, 1095, 1215, 1215, 0
1722862116288720923, 29, 58, 400, 0, 0, 1984, 40965, 0, 1095, 1095, 1215, 1215, 0
1722862116293680187, 29, 58, 400, 0, 0, 1984, 40965, 0, 1095, 1095, 1215, 1215, 0
1722862116296147596, 29, 58, 400, 0, 0, 1984, 40965, 0, 1095, 1095, 1215, 1215, 0
1722862116298622204, 29, 58, 400, 0, 0, 1984, 40965, 0, 1095, 1095, 1215, 1215, 0
1722862116301081871, 29, 58, 400, 0, 0, 1984, 40965, 0, 1095, 1095, 1215, 1215, 0
1722862116307967949, 29, 58, 400, 0, 0, 1984, 40965, 0, 1095, 1095, 1215, 1215, 0
1722862116314793090, 29, 58, 400, 0, 0, 1984, 40965, 0, 1095, 1095, 1215, 1215, 0
1722862116320992924, 29, 58, 400, 0, 0, 1984, 40965, 0, 1095, 1095, 1215, 1215, 0
1722862116329019694, 29, 58, 400, 0, 0, 1984, 40965, 0, 1095, 1095, 1215, 1215, 0
1722862116334102338, 29, 58, 400, 0, 0, 1984, 40965, 0, 1095, 1095, 1215, 1215, 0
1722862116342962610, 29, 58, 400, 0, 0, 1984, 40965, 0, 1095, 1095, 1215, 1215, 0
1722862116347808351, 29, 58, 400, 0, 0, 1984, 40965, 0, 1095, 1095, 1215, 1215, 0
1722862116351299224, 29, 58, 400, 0, 0, 1984, 40965, 0, 1095, 1095, 1215, 1215, 0
1722862116353771775, 29, 58, 400, 0, 0, 1984, 40965, 0, 1095, 1095, 1215, 1215, 0
1722862116356235614, 29, 58, 400, 0, 0, 1984, 40965, 0, 1095, 1095, 1215, 1215, 0
1722862116360761495, 29, 58, 400, 0, 0, 1984, 40965, 0, 1095, 1095, 1215, 1215, 0
1722862116363231020, 29, 58, 400, 0, 0, 1984, 40965, 0, 1095, 1095, 1215, 1215, 0
1722862116365698714, 29, 58, 400, 0, 0, 1984, 40965, 0, 1095, 1095, 1215, 1215, 0
1722862116368165685, 29, 58, 400, 0, 0, 1984, 40965, 0, 1095, 1095, 1215, 1215, 0
1722862116371155951, 29, 58, 400, 0, 0, 1984, 40965, 0, 1095, 1095, 1215, 1215, 0
1722862116378488969, 29, 58, 400, 0, 0, 1984, 40965, 0, 1095, 1095, 1215, 1215, 0
1722862116380955753, 29, 58, 400, 0, 0, 1984, 40965, 0, 1095, 1095, 1215, 1215, 0
1722862116383423082, 29, 58, 400, 0, 0, 1984, 40965, 0, 1095, 1095, 1215, 1215, 0
1722862116385889526, 29, 58, 400, 0, 0, 1984, 40965, 0, 1095, 1095, 1215, 1215, 0
1722862116388363747, 29, 58, 400, 0, 0, 1984, 40965, 0, 1095, 1095, 1215, 1215, 0
1722862116391434142, 29, 58, 400, 0, 0, 1984, 40965, 0, 1095, 1095, 1215, 1215, 0
1722862116395264099, 29, 58, 400, 0, 0, 1984, 40965, 0, 1095, 1095, 1215, 1215, 0
1722862116397736872, 29, 58, 400, 0, 0, 1984, 40965, 0, 1095, 1095, 1215, 1215, 0
1722862116400200986, 29, 58, 400, 0, 0, 1984, 40965, 0, 1095, 1095, 1215, 1215, 0
1722862116402666351, 29, 58, 400, 0, 0, 1984, 40965, 0, 1095, 1095, 1215, 1215, 0
1722862116405137434, 29, 58, 400, 0, 0, 1984, 40965, 0, 1095, 1095, 1215, 1215, 0
1722862116407605308, 29, 58, 400, 0, 0, 1984, 40965, 0, 1095, 1095, 1215, 1215, 0
1722862116412927121, 29, 58, 400, 0, 0, 1984, 40965, 0, 1095, 1095, 1215, 1215, 0
1722862116415402302, 29, 58, 400, 0, 0, 1984, 40965, 0, 1095, 1095, 1215, 1215, 0
1722862116417872380, 29, 58, 400, 0, 0, 1984, 40965, 0, 1095, 1095, 1215, 1215, 0
1722862116420333710, 29, 58, 400, 0, 0, 1984, 40965, 0, 1095, 1095, 1215, 1215, 0
1722862116422801433, 29, 58, 400, 0, 0, 1984, 40965, 0, 1095, 1095, 1215, 1215, 0
1722862116427688641, 29, 58, 400, 0, 0, 1984, 40965, 0, 1095, 1095, 1215, 1215, 0
1722862116430154545, 29, 58, 400, 0, 0, 1984, 40965, 0, 1095, 1095, 1215, 1215, 0
1722862116433218918, 29, 58, 400, 0, 0, 1984, 40965, 0, 1095, 1095, 1215, 1215, 0
1722862116435685241, 29, 58, 400, 0, 0, 1984, 40965, 0, 1095, 1095, 1215, 1215, 0
1722862116438157019, 29, 58, 400, 0, 0, 1984, 40965, 0, 1095, 1095, 1215, 1215, 0
1722862116442941647, 29, 58, 400, 0, 0, 1984, 40965, 0, 1095, 1095, 1215, 1215, 0
1722862116445409805, 29, 58, 400, 0, 0, 1984, 40965, 0, 1095, 1095, 1215, 1215, 0
1722862116447879447, 29, 58, 400, 0, 0, 1984, 40965, 0, 1095, 1095, 1215, 1215, 0
1722862116450347663, 29, 58, 400, 0, 0, 1984, 40965, 0, 1095, 1095, 1215, 1215, 0
1722862116452887068, 29, 58, 400, 0, 0, 1984, 40965, 0, 1095, 1095, 1215, 1215, 0
1722862116458688385, 29, 58, 400, 0, 0, 1984, 40965, 0, 1095, 1095, 1215, 1215, 0
1722862116461164496, 29, 58, 400, 0, 0, 1984, 40965, 0, 1095, 1095, 1215, 1215, 0
1722862116463626095, 29, 58, 400, 0, 0, 1984, 40965, 0, 1095, 1095, 1215, 1215, 0
1722862116466093122, 29, 58, 400, 0, 0, 1984, 40965, 0, 1095, 1095, 1215, 1215, 0
1722862116468567172, 29, 58, 400, 0, 0, 1984, 40965, 0, 1095, 1095, 1215, 1215, 0
1722862116475101052, 29, 58, 400, 0, 0, 1984, 40965, 0, 1095, 1095, 1215, 1215, 0
1722862116477568455, 29, 58, 400, 0, 0, 1984, 40965, 0, 1095, 1095, 1215, 1215, 0
1722862116480043130, 29, 58, 400, 0, 0, 1984, 40965, 0, 1095, 1095, 1215, 1215, 0
1722862116482515553, 29, 58, 400, 0, 0, 1984, 40965, 0, 1095, 1095, 1215, 1215, 0
1722862116484979987, 29, 58, 400, 0, 0, 1984, 40965, 0, 1095, 1095, 1215, 1215, 0
1722862116488893838, 29, 58, 400, 0, 0, 1984, 40965, 0, 1095, 1095, 1215, 1215, 0
1722862116491365287, 29, 58, 400, 0, 0, 1984, 40965, 0, 1095, 1095, 1215, 1215, 0
1722862116493826692, 29, 58, 400, 0, 0, 1984, 40965, 0, 1095, 1095, 1215, 1215, 0
1722862116496356961, 29, 58, 400, 0, 0, 1984, 40965, 0, 1095, 1095, 1215, 1215, 0
1722862116498825053, 29, 58, 400, 0, 0, 1984, 40965, 0, 1095, 1095, 1215, 1215, 0
1722862116503342328, 29, 58, 400, 0, 0, 1984, 40965, 0, 1095, 1095, 1215, 1215, 0
1722862116505812093, 29, 58, 400, 0, 0, 1984, 40965, 0, 1095, 1095, 1215, 1215, 0
1722862116508280281, 29, 58, 400, 0, 0, 1984, 40965, 0, 1095, 1095, 1215, 1215, 0
1722862116510751325, 29, 58, 400, 0, 0, 1984, 40965, 0, 1095, 1095, 1215, 1215, 0
1722862116520730011, 29, 58, 400, 0, 0, 1984, 40965, 0, 1095, 1095, 1215, 1215, 0
1722862116523198444, 29, 58, 400, 0, 0, 1984, 40965, 0, 1095, 1095, 1215, 1215, 0
1722862116525670275, 29, 58, 400, 0, 0, 1984, 40965, 0, 1095, 1095, 1215, 1215, 0
1722862116528144045, 29, 58, 400, 0, 0, 1984, 40965, 0, 1095, 1095, 1215, 1215, 0
1722862116530606429, 29, 58, 400, 0, 0, 1984, 40965, 0, 1095, 1095, 1215, 1215, 0
1722862116535551083, 29, 58, 400, 0, 0, 1984, 40965, 0, 1095, 1095, 1215, 1215, 0
1722862116539037140, 29, 59, 400, 0, 0, 1984, 40965, 0, 1095, 1095, 1215, 1215, 0
1722862116541500112, 29, 59, 400, 0, 0, 1984, 40965, 0, 1095, 1095, 1215, 1215, 0
1722862116543966877, 29, 59, 400, 0, 0, 1984, 40965, 0, 1095, 1095, 1215, 1215, 0
1722862116546438165, 29, 59, 400, 0, 0, 1984, 40965, 0, 1095, 1095, 1215, 1215, 0
1722862116550967864, 29, 59, 400, 0, 0, 1984, 40965, 0, 1095, 1095, 1215, 1215, 0
1722862116553435501, 29, 59, 400, 0, 0, 1984, 40965, 0, 1095, 1095, 1215, 1215, 0
1722862116555906504, 29, 59, 400, 0, 0, 1984, 40965, 0, 1095, 1095, 1215, 1215, 0
1722862116558463809, 29, 59, 400, 0, 0, 1984, 40965, 0, 1095, 1095, 1215, 1215, 0
1722862116560930259, 29, 59, 400, 0, 0, 1984, 40965, 0, 1095, 1095, 1215, 1215, 0
1722862116566208651, 29, 59, 400, 0, 0, 1984, 40965, 0, 1095, 1095, 1215, 1215, 0
1722862116568677649, 29, 59, 400, 0, 0, 1984, 40965, 0, 1095, 1095, 1215, 1215, 0
1722862116571143033, 29, 59, 400, 0, 0, 1984, 40965, 0, 1095, 1095, 1215, 1215, 0
1722862116573611992, 29, 59, 400, 0, 0, 1984, 40965, 0, 1095, 1095, 1215, 1215, 0
1722862116576078904, 29, 59, 400, 0, 0, 1984, 40965, 0, 1095, 1095, 1215, 1215, 0
1722862116578609822, 29, 59, 400, 0, 0, 1984, 40965, 0, 1095, 1095, 1215, 1215, 0
1722862116582507251, 29, 59, 400, 0, 0, 1984, 40965, 0, 1095, 1095, 1215, 1215, 0
1722862116584975155, 29, 59, 400, 0, 0, 1984, 40965, 0, 1095, 1095, 1215, 1215, 0
1722862116587447348, 29, 59, 400, 0, 0, 1984, 40965, 0, 1095, 1095, 1215, 1215, 0
1722862116589917266, 29, 59, 400, 0, 0, 1984, 40965, 0, 1095, 1095, 1215, 1215, 0
1722862116592380892, 29, 59, 400, 0, 0, 1984, 40965, 0, 1095, 1095, 1215, 1215, 0
1722862116594853033, 29, 59, 400, 0, 0, 1984, 40965, 0, 1095, 1095, 1215, 1215, 0
1722862116601153970, 29, 59, 400, 0, 0, 1984, 40965, 0, 1095, 1095, 1215, 1215, 0
1722862116603622179, 29, 59, 400, 0, 0, 1984, 40965, 0, 1095, 1095, 1215, 1215, 0
1722862116606090547, 29, 59, 400, 0, 0, 1984, 40965, 0, 1095, 1095, 1215, 1215, 0
1722862116608566569, 29, 59, 400, 0, 0, 1984, 40965, 0, 1095, 1095, 1215, 1215, 0
1722862116611033182, 29, 59, 400, 0, 0, 1984, 40965, 0, 1095, 1095, 1215, 1215, 0
1722862116615005773, 29, 59, 400, 0, 0, 1984, 40965, 0, 1095, 1095, 1215, 1215, 0
1722862116617479277, 29, 59, 400, 0, 0, 1984, 40965, 0, 1095, 1095, 1215, 1215, 0
1722862116619945549, 29, 59, 400, 0, 0, 1984, 40965, 0, 1095, 1095, 1215, 1215, 0
1722862116622469994, 29, 59, 400, 0, 0, 1984, 40965, 0, 1095, 1095, 1215, 1215, 0
1722862116624944705, 29, 59, 400, 0, 0, 1984, 40965, 0, 1095, 1095, 1215, 1215, 0
1722862116627416199, 29, 59, 400, 0, 0, 1984, 40965, 0, 1095, 1095, 1215, 1215, 0
1722862116631253850, 29, 59, 400, 0, 0, 1984, 40965, 0, 1095, 1095, 1215, 1215, 0
1722862116633729967, 29, 59, 400, 0, 0, 1984, 40965, 0, 1095, 1095, 1215, 1215, 0
1722862116636197804, 29, 59, 400, 0, 0, 1984, 40965, 0, 1095, 1095, 1215, 1215, 0
1722862116638666525, 29, 59, 400, 0, 0, 1984, 40965, 0, 1095, 1095, 1215, 1215, 0
1722862116642094194, 29, 59, 400, 0, 0, 1984, 40965, 0, 1095, 1095, 1215, 1215, 0
1722862116645899563, 29, 59, 400, 0, 0, 1984, 40965, 0, 1095, 1095, 1215, 1215, 0
1722862116648370323, 29, 59, 400, 0, 0, 1984, 40965, 0, 1095, 1095, 1215, 1215, 0
1722862116650837550, 29, 59, 400, 0, 0, 1984, 40965, 0, 1095, 1095, 1215, 1215, 0
1722862116653304617, 29, 59, 400, 0, 0, 1984, 40965, 0, 1095, 1095, 1215, 1215, 0
1722862116655770979, 29, 59, 400, 0, 0, 1984, 40965, 0, 1095, 1095, 1215, 1215, 0
1722862116658242264, 29, 59, 400, 0, 0, 1984, 40965, 0, 1095, 1095, 1215, 1215, 0
1722862116663712850, 29, 59, 400, 0, 0, 1984, 40965, 0, 1095, 1095, 1215, 1215, 0
1722862116666183378, 29, 59, 400, 0, 0, 1984, 40965, 0, 1095, 1095, 1215, 1215, 0
1722862116668659716, 29, 59, 400, 0, 0, 1984, 40965, 0, 1095, 1095, 1215, 1215, 0
1722862116671125326, 29, 59, 400, 0, 0, 1984, 40965, 0, 1095, 1095, 1215, 1215, 0
1722862116673591229, 29, 59, 400, 0, 0, 1984, 40965, 0, 1095, 1095, 1215, 1215, 0
1722862116680341050, 29, 59, 400, 0, 0, 1984, 40965, 0, 1095, 1095, 1215, 1215, 0
1722862116683489626, 29, 59, 400, 0, 0, 1984, 40965, 0, 1095, 1095, 1215, 1215, 0
1722862116686051126, 29, 59, 400, 0, 0, 1984, 40965, 0, 1095, 1095, 1215, 1215, 0
1722862116688688105, 29, 59, 400, 0, 0, 1984, 40965, 0, 1095, 1095, 1215, 1215, 0
1722862116691258884, 29, 59, 400, 0, 0, 1984, 40965, 0, 1095, 1095, 1215, 1215, 0
1722862116696229483, 29, 59, 400, 0, 0, 1984, 40965, 0, 1095, 1095, 1215, 1215, 0
1722862116698767171, 29, 59, 400, 0, 0, 1984, 40965, 0, 1095, 1095, 1215, 1215, 0
1722862116701288731, 29, 59, 400, 0, 0, 1984, 40965, 0, 1095, 1095, 1215, 1215, 0
1722862116704084572, 29, 59, 400, 0, 0, 1984, 40965, 0, 1095, 1095, 1215, 1215, 0
1722862116706617882, 29, 59, 400, 0, 0, 1984, 40965, 0, 1095, 1095, 1215, 1215, 0
1722862116710929871, 29, 59, 400, 0, 0, 1984, 40965, 0, 1095, 1095, 1215, 1215, 0
1722862116713555893, 29, 59, 400, 0, 0, 1984, 40965, 0, 1095, 1095, 1215, 1215, 0
1722862116716101248, 29, 59, 400, 0, 0, 1984, 40965, 0, 1095, 1095, 1215, 1215, 0
1722862116718629700, 29, 59, 400, 0, 0, 1984, 40965, 0, 1095, 1095, 1215, 1215, 0
1722862116721128469, 29, 59, 400, 0, 0, 1984, 40965, 0, 1095, 1095, 1215, 1215, 0
1722862116726419574, 29, 59, 400, 0, 0, 1984, 40965, 0, 1095, 1095, 1215, 1215, 0
1722862116728887425, 29, 59, 400, 0, 0, 1984, 40965, 0, 1095, 1095, 1215, 1215, 0
1722862116731357077, 29, 59, 400, 0, 0, 1984, 40965, 0, 1095, 1095, 1215, 1215, 0
1722862116733829499, 29, 59, 400, 0, 0, 1984, 40965, 0, 1095, 1095, 1215, 1215, 0
1722862116736293356, 29, 59, 400, 0, 0, 1984, 40965, 0, 1095, 1095, 1215, 1215, 0
1722862116738758286, 29, 59, 400, 0, 0, 1984, 40965, 0, 1095, 1095, 1215, 1215, 0
1722862116744957717, 29, 59, 400, 0, 0, 1984, 40965, 0, 1095, 1095, 1215, 1215, 0
1722862116747421506, 29, 59, 400, 0, 0, 1984, 40965, 0, 1095, 1095, 1215, 1215, 0
1722862116749884449, 29, 59, 400, 0, 0, 1984, 40965, 0, 1095, 1095, 1215, 1215, 0
1722862116752355971, 29, 59, 400, 0, 0, 1984, 40965, 0, 1095, 1095, 1215, 1215, 0
1722862116754823355, 29, 59, 400, 0, 0, 1984, 40965, 0, 1095, 1095, 1215, 1215, 0
1722862116760764932, 29, 59, 400, 0, 0, 1984, 40965, 0, 1095, 1095, 1215, 1215, 0
1722862116763233320, 29, 59, 400, 0, 0, 1984, 40965, 0, 1095, 1095, 1215, 1215, 0
1722862116765786390, 29, 59, 400, 0, 0, 1984, 40965, 0, 1095, 1095, 1215, 1215, 0
1722862116768249257, 29, 59, 400, 0, 0, 1984, 40965, 0, 1095, 1095, 1215, 1215, 0
1722862116770718449, 29, 59, 400, 0, 0, 1984, 40965, 0, 1095, 1095, 1215, 1215, 0
1722862116775706967, 29, 59, 400, 0, 0, 1984, 40965, 0, 1095, 1095, 1215, 1215, 0
1722862116778178487, 29, 59, 400, 0, 0, 1984, 40965, 0, 1095, 1095, 1215, 1215, 0
1722862116780649258, 29, 59, 400, 0, 0, 1984, 40965, 0, 1095, 1095, 1215, 1215, 0
1722862116783117107, 29, 59, 400, 0, 0, 1984, 40965, 0, 1095, 1095, 1215, 1215, 0
1722862116785661339, 29, 59, 400, 0, 0, 1984, 40965, 0, 1095, 1095, 1215, 1215, 0
1722862116788130720, 29, 59, 400, 0, 0, 1984, 40965, 0, 1095, 1095, 1215, 1215, 0
1722862116792778992, 29, 59, 400, 0, 0, 1984, 40965, 0, 1095, 1095, 1215, 1215, 0
1722862116795246754, 29, 59, 400, 0, 0, 1984, 40965, 0, 1095, 1095, 1215, 1215, 0
1722862116797722466, 29, 59, 400, 0, 0, 1984, 40965, 0, 1095, 1095, 1215, 1215, 0
1722862116800188522, 29, 59, 400, 0, 0, 1984, 40965, 0, 1095, 1095, 1215, 1215, 0
1722862116802655255, 29, 59, 400, 0, 0, 1984, 40965, 0, 1095, 1095, 1215, 1215, 0
1722862116807988325, 29, 59, 400, 0, 0, 1984, 40965, 0, 1095, 1095, 1215, 1215, 0
1722862116810452237, 29, 59, 400, 0, 0, 1984, 40965, 0, 1095, 1095, 1215, 1215, 0
1722862116812917305, 29, 59, 400, 0, 0, 1984, 40965, 0, 1095, 1095, 1215, 1215, 0
1722862116815389672, 29, 59, 400, 0, 0, 1984, 40965, 0, 1095, 1095, 1215, 1215, 0
1722862116817859674, 29, 59, 400, 0, 0, 1984, 40965, 0, 1095, 1095, 1215, 1215, 0
1722862116820322114, 29, 59, 400, 0, 0, 1984, 40965, 0, 1095, 1095, 1215, 1215, 0
1722862116824175265, 29, 59, 400, 0, 0, 1984, 40965, 0, 1095, 1095, 1215, 1215, 0
1722862116826712035, 29, 59, 400, 0, 0, 1984, 40965, 0, 1095, 1095, 1215, 1215, 0
1722862116829175942, 29, 59, 400, 0, 0, 1984, 40965, 0, 1095, 1095, 1215, 1215, 0
1722862116831646879, 29, 59, 400, 0, 0, 1984, 40965, 0, 1095, 1095, 1215, 1215, 0
1722862116834115388, 29, 59, 400, 0, 0, 1984, 40965, 0, 1095, 1095, 1215, 1215, 0
1722862116836583296, 29, 59, 400, 0, 0, 1984, 40965, 0, 1095, 1095, 1215, 1215, 0
1722862116842413674, 29, 59, 400, 0, 0, 1984, 40965, 0, 1095, 1095, 1215, 1215, 0
1722862116846190227, 29, 59, 400, 0, 0, 1984, 40965, 0, 1095, 1095, 1215, 1215, 0
1722862116848659528, 29, 59, 400, 0, 0, 1984, 40965, 0, 1095, 1095, 1215, 1215, 0
1722862116851126387, 29, 59, 400, 0, 0, 1984, 40965, 0, 1095, 1095, 1215, 1215, 0
1722862116853589927, 29, 59, 400, 0, 0, 1984, 40965, 0, 1095, 1095, 1215, 1215, 0
1722862116856056027, 29, 59, 400, 0, 0, 1984, 40965, 0, 1095, 1095, 1215, 1215, 0
1722862116861747304, 29, 59, 400, 0, 0, 1984, 40965, 0, 1095, 1095, 1215, 1215, 0
1722862116864209437, 29, 59, 400, 0, 0, 1984, 40965, 0, 1095, 1095, 1215, 1215, 0
1722862116866761126, 29, 59, 400, 0, 0, 1984, 40965, 0, 1095, 1095, 1215, 1215, 0
1722862116869234242, 29, 59, 400, 0, 0, 1984, 40965, 0, 1095, 1095, 1215, 1215, 0
1722862116871696778, 29, 59, 400, 0, 0, 1984, 40965, 0, 1095, 1095, 1215, 1215, 0
1722862116877661070, 29, 59, 400, 0, 0, 1984, 40965, 0, 1095, 1095, 1215, 1215, 0
1722862116880137394, 29, 59, 400, 0, 0, 1984, 40965, 0, 1095, 1095, 1215, 1215, 0
1722862116882601448, 29, 59, 400, 0, 0, 1984, 40965, 0, 1095, 1095, 1215, 1215, 0
1722862116885717585, 29, 59, 400, 0, 0, 1984, 40965, 0, 1095, 1095, 1215, 1215, 0
1722862116888190406, 29, 59, 400, 0, 0, 1984, 40965, 0, 1095, 1095, 1215, 1215, 0
1722862116893137729, 29, 59, 400, 0, 0, 1984, 40965, 0, 1095, 1095, 1215, 1215, 0
1722862116895604703, 29, 59, 400, 0, 0, 1984, 40965, 0, 1095, 1095, 1215, 1215, 0
1722862116898075965, 29, 59, 400, 0, 0, 1984, 40965, 0, 1095, 1095, 1215, 1215, 0
1722862116900548382, 29, 59, 400, 0, 0, 1984, 40965, 0, 1095, 1095, 1215, 1215, 0
1722862116903012864, 29, 59, 400, 0, 0, 1984, 40965, 0, 1095, 1095, 1215, 1215, 0
1722862116908361461, 29, 59, 400, 0, 0, 1984, 40965, 0, 1095, 1095, 1215, 1215, 0
1722862116910829161, 29, 59, 400, 0, 0, 1984, 40965, 0, 1095, 1095, 1215, 1215, 0
1722862116913296973, 29, 59, 400, 0, 0, 1984, 40965, 0, 1095, 1095, 1215, 1215, 0
1722862116915767014, 29, 59, 400, 0, 0, 1984, 40965, 0, 1095, 1095, 1215, 1215, 0
1722862116918229751, 29, 59, 400, 0, 0, 1984, 40965, 0, 1095, 1095, 1215, 1215, 0
1722862116920700702, 29, 59, 400, 0, 0, 1984, 40965, 0, 1095, 1095, 1215, 1215, 0
1722862116926255150, 29, 59, 400, 0, 0, 1984, 40965, 0, 1095, 1095, 1215, 1215, 0
1722862116928721860, 29, 59, 400, 0, 0, 1984, 40965, 0, 1095, 1095, 1215, 1215, 0
1722862116931189466, 29, 59, 400, 0, 0, 1984, 40965, 0, 1095, 1095, 1215, 1215, 0
1722862116933661821, 29, 59, 400, 0, 0, 1984, 40965, 0, 1095, 1095, 1215, 1215, 0
1722862116936127378, 29, 59, 400, 0, 0, 1984, 40965, 0, 1095, 1095, 1215, 1215, 0
1722862116942621870, 29, 59, 400, 0, 0, 1984, 40965, 0, 1095, 1095, 1215, 1215, 0
1722862116945095590, 29, 59, 400, 0, 0, 1984, 40965, 0, 1095, 1095, 1215, 1215, 0
1722862116947788050, 29, 59, 400, 0, 0, 1984, 40965, 0, 1095, 1095, 1215, 1215, 0
1722862116950253478, 29, 59, 400, 0, 0, 1984, 40965, 0, 1095, 1095, 1215, 1215, 0
1722862116952724844, 29, 59, 400, 0, 0, 1984, 40965, 0, 1095, 1095, 1215, 1215, 0
1722862116955196712, 29, 59, 400, 0, 0, 1984, 40965, 0, 1095, 1095, 1215, 1215, 0
1722862116959025098, 29, 59, 400, 0, 0, 1984, 40965, 0, 1095, 1095, 1215, 1215, 0
1722862116961495156, 29, 59, 400, 0, 0, 1984, 40965, 0, 1095, 1095, 1215, 1215, 0
1722862116963965364, 29, 59, 400, 0, 0, 1984, 40965, 0, 1095, 1095, 1215, 1215, 0
1722862116966651078, 29, 59, 400, 7, 0, 1984, 40965, 0, 1095, 1095, 1215, 1215, 0
1722862116969122701, 29, 59, 400, 7, 0, 1984, 40965, 0, 1095, 1095, 1215, 1215, 0
1722862116971592720, 29, 59, 400, 7, 0, 1984, 40965, 0, 1095, 1095, 1215, 1215, 0
1722862116975933200, 29, 59, 400, 7, 0, 1984, 40965, 0, 1095, 1095, 1215, 1215, 0
1722862116978402867, 29, 59, 400, 7, 0, 1984, 40965, 0, 1095, 1095, 1215, 1215, 0
1722862116980869274, 29, 59, 400, 7, 0, 1984, 40965, 0, 1095, 1095, 1215, 1215, 0
1722862116983337387, 29, 59, 400, 7, 0, 1984, 40965, 0, 1095, 1095, 1215, 1215, 0
1722862116986575653, 29, 59, 400, 7, 0, 1984, 40965, 0, 1095, 1095, 1215, 1215, 0
1722862116990497276, 29, 59, 400, 7, 0, 1984, 40965, 0, 1095, 1095, 1215, 1215, 0
1722862116992967974, 29, 59, 400, 7, 0, 1984, 40965, 0, 1095, 1095, 1215, 1215, 0
1722862116995437309, 29, 59, 400, 7, 0, 1984, 40965, 0, 1095, 1095, 1215, 1215, 0
1722862116997901871, 29, 59, 400, 7, 0, 1984, 40965, 0, 1095, 1095, 1215, 1215, 0
1722862117000364930, 29, 59, 400, 7, 0, 1984, 40965, 0, 1095, 1095, 1215, 1215, 0
1722862117005348940, 29, 59, 400, 7, 0, 1984, 40965, 0, 1095, 1095, 1215, 1215, 0
1722862117007866856, 29, 59, 400, 7, 0, 1984, 40965, 0, 1095, 1095, 1215, 1215, 0
1722862117010331667, 29, 59, 400, 7, 0, 1984, 40965, 0, 1095, 1095, 1215, 1215, 0
1722862117012807328, 29, 59, 400, 7, 0, 1984, 40965, 0, 1095, 1095, 1215, 1215, 0
1722862117015272480, 29, 59, 400, 7, 0, 1984, 40965, 0, 1095, 1095, 1215, 1215, 0
1722862117017735319, 29, 59, 400, 7, 0, 1984, 40965, 0, 1095, 1095, 1215, 1215, 0
1722862117024068450, 29, 59, 400, 7, 0, 1984, 40965, 0, 1095, 1095, 1215, 1215, 0
1722862117027058199, 29, 59, 400, 7, 0, 1984, 40965, 0, 1095, 1095, 1215, 1215, 0
1722862117029520868, 29, 59, 400, 7, 0, 1984, 40965, 0, 1095, 1095, 1215, 1215, 0
1722862117031991260, 29, 59, 400, 7, 0, 1984, 40965, 0, 1095, 1095, 1215, 1215, 0
1722862117034461438, 29, 59, 400, 7, 0, 1984, 40965, 0, 1095, 1095, 1215, 1215, 0
1722862117038873161, 29, 59, 400, 7, 0, 1984, 40965, 0, 1095, 1095, 1215, 1215, 0
1722862117041342611, 29, 59, 400, 7, 0, 1984, 40965, 0, 1095, 1095, 1215, 1215, 0
1722862117043809507, 29, 59, 400, 7, 0, 1984, 40965, 0, 1095, 1095, 1215, 1215, 0
1722862117047409420, 29, 59, 400, 7, 0, 1984, 40965, 0, 1095, 1095, 1215, 1215, 0
1722862117049879921, 29, 59, 400, 7, 0, 1984, 40965, 0, 1095, 1095, 1215, 1215, 0
1722862117054759511, 29, 59, 400, 7, 0, 1984, 40965, 0, 1095, 1095, 1215, 1215, 0
1722862117057230462, 29, 59, 400, 7, 0, 1984, 40965, 0, 1095, 1095, 1215, 1215, 0
1722862117059697436, 29, 59, 400, 7, 0, 1984, 40965, 0, 1095, 1095, 1215, 1215, 0
1722862117062162557, 29, 59, 400, 7, 0, 1984, 40965, 0, 1095, 1095, 1215, 1215, 0
1722862117064625632, 29, 59, 400, 7, 0, 1984, 40965, 0, 1095, 1095, 1215, 1215, 0
1722862117069897854, 29, 59, 400, 7, 0, 1984, 40965, 0, 1095, 1095, 1215, 1215, 0
1722862117072366311, 29, 59, 400, 7, 0, 1984, 40965, 0, 1095, 1095, 1215, 1215, 0
1722862117074832905, 29, 59, 400, 7, 0, 1984, 40965, 0, 1095, 1095, 1215, 1215, 0
1722862117077311546, 29, 59, 400, 7, 0, 1984, 40965, 0, 1095, 1095, 1215, 1215, 0
1722862117079775190, 29, 59, 400, 7, 0, 1984, 40965, 0, 1095, 1095, 1215, 1215, 0
1722862117082238797, 29, 59, 400, 7, 0, 1984, 40965, 0, 1095, 1095, 1215, 1215, 0
1722862117087381312, 29, 59, 400, 7, 0, 1984, 40965, 0, 1095, 1095, 1215, 1215, 0
1722862117089852950, 29, 59, 400, 7, 0, 1984, 40965, 0, 1095, 1095, 1215, 1215, 0
1722862117092317843, 29, 59, 400, 7, 0, 1984, 40965, 0, 1095, 1095, 1215, 1215, 0
1722862117094789227, 29, 59, 400, 7, 0, 1984, 40965, 0, 1095, 1095, 1215, 1215, 0
1722862117097259449, 29, 59, 400, 7, 0, 1984, 40965, 0, 1095, 1095, 1215, 1215, 0
1722862117104322981, 29, 59, 400, 7, 0, 1984, 40965, 0, 1095, 1095, 1215, 1215, 0
1722862117107594580, 29, 59, 400, 7, 0, 1984, 40965, 0, 1095, 1095, 1215, 1215, 0
1722862117110062754, 29, 59, 400, 7, 0, 1984, 40965, 0, 1095, 1095, 1215, 1215, 0
1722862117112530705, 29, 59, 400, 7, 0, 1984, 40965, 0, 1095, 1095, 1215, 1215, 0
1722862117114997249, 29, 59, 400, 7, 0, 1984, 40965, 0, 1095, 1095, 1215, 1215, 0
1722862117119996805, 29, 59, 400, 7, 0, 1984, 40965, 0, 1095, 1095, 1215, 1215, 0
1722862117122467522, 29, 59, 400, 7, 0, 1984, 40965, 0, 1095, 1095, 1215, 1215, 0
1722862117124941459, 29, 59, 400, 7, 0, 1984, 40965, 0, 1095, 1095, 1215, 1215, 0
1722862117127658275, 29, 59, 400, 7, 0, 1984, 40965, 0, 1095, 1095, 1215, 1215, 0
1722862117130128189, 29, 59, 400, 7, 0, 1984, 40965, 0, 1095, 1095, 1215, 1215, 0
1722862117132601113, 29, 59, 400, 7, 0, 1984, 40965, 0, 1095, 1095, 1215, 1215, 0
1722862117136453209, 29, 59, 400, 7, 0, 1984, 40965, 0, 1095, 1095, 1215, 1215, 0
1722862117138921413, 29, 59, 400, 7, 0, 1984, 40965, 0, 1095, 1095, 1215, 1215, 0
1722862117141394794, 29, 59, 400, 7, 0, 1984, 40965, 0, 1095, 1095, 1215, 1215, 0
1722862117143859793, 29, 59, 400, 7, 0, 1984, 40965, 0, 1095, 1095, 1215, 1215, 0
1722862117146320901, 29, 59, 400, 7, 0, 1984, 40965, 0, 1095, 1095, 1215, 1215, 0
1722862117151504995, 29, 59, 400, 7, 0, 1984, 40965, 0, 1095, 1095, 1215, 1215, 0
1722862117153973322, 29, 59, 400, 7, 0, 1984, 40965, 0, 1095, 1095, 1215, 1215, 0
1722862117156436372, 29, 59, 400, 7, 0, 1984, 40965, 0, 1095, 1095, 1215, 1215, 0
1722862117158906762, 29, 59, 400, 7, 0, 1984, 40965, 0, 1095, 1095, 1215, 1215, 0
1722862117161372159, 29, 59, 400, 7, 0, 1984, 40965, 0, 1095, 1095, 1215, 1215, 0
1722862117163835650, 29, 59, 400, 7, 0, 1984, 40965, 0, 1095, 1095, 1215, 1215, 0
1722862117168571614, 29, 59, 400, 0, 0, 1984, 40965, 0, 1095, 1095, 1215, 1215, 0
1722862117171043213, 29, 59, 400, 0, 0, 1984, 40965, 0, 1095, 1095, 1215, 1215, 0
1722862117173507599, 29, 59, 400, 0, 0, 1984, 40965, 0, 1095, 1095, 1215, 1215, 0
1722862117175976533, 29, 59, 400, 0, 0, 1984, 40965, 0, 1095, 1095, 1215, 1215, 0
1722862117178446427, 29, 59, 400, 0, 0, 1984, 40965, 0, 1095, 1095, 1215, 1215, 0
1722862117180915179, 29, 59, 400, 0, 0, 1984, 40965, 0, 1095, 1095, 1215, 1215, 0
1722862117185741488, 29, 59, 400, 0, 0, 1984, 40965, 0, 1095, 1095, 1215, 1215, 0
1722862117188440158, 29, 59, 400, 0, 0, 1984, 40965, 0, 1095, 1095, 1215, 1215, 0
1722862117190909878, 29, 59, 400, 0, 0, 1984, 40965, 0, 1095, 1095, 1215, 1215, 0
1722862117193377642, 29, 59, 400, 0, 0, 1984, 40965, 0, 1095, 1095, 1215, 1215, 0
1722862117195840520, 29, 59, 400, 0, 0, 1984, 40965, 0, 1095, 1095, 1215, 1215, 0
1722862117200846069, 29, 59, 400, 0, 0, 1984, 40965, 0, 1095, 1095, 1215, 1215, 0
1722862117203320350, 29, 59, 400, 0, 0, 1984, 40965, 0, 1095, 1095, 1215, 1215, 0
1722862117205784382, 29, 59, 400, 0, 0, 1984, 40965, 0, 1095, 1095, 1215, 1215, 0
1722862117208904968, 29, 59, 400, 0, 0, 1984, 40965, 0, 1095, 1095, 1215, 1215, 0
1722862117211384666, 29, 59, 400, 0, 0, 1984, 40965, 0, 1095, 1095, 1215, 1215, 0
1722862117216104054, 29, 59, 400, 0, 0, 1984, 40965, 0, 1095, 1095, 1215, 1215, 0
1722862117218571725, 29, 59, 400, 0, 0, 1984, 40965, 0, 1095, 1095, 1215, 1215, 0
1722862117221042613, 29, 59, 400, 0, 0, 1984, 40965, 0, 1095, 1095, 1215, 1215, 0
1722862117223512489, 29, 59, 400, 0, 0, 1984, 40965, 0, 1095, 1095, 1215, 1215, 0
1722862117225978004, 29, 59, 400, 0, 0, 1984, 40965, 0, 1095, 1095, 1215, 1215, 0
1722862117231201263, 29, 59, 400, 0, 0, 1984, 40965, 0, 1095, 1095, 1215, 1215, 0
1722862117233671906, 29, 59, 400, 0, 0, 1984, 40965, 0, 1095, 1095, 1215, 1215, 0
1722862117236133382, 29, 59, 400, 0, 0, 1984, 40965, 0, 1095, 1095, 1215, 1215, 0
1722862117238601282, 29, 59, 400, 0, 0, 1984, 40965, 0, 1095, 1095, 1215, 1215, 0
1722862117241065715, 29, 59, 400, 0, 0, 1984, 40965, 0, 1095, 1095, 1215, 1215, 0
1722862117243532425, 29, 59, 400, 0, 0, 1984, 40965, 0, 1095, 1095, 1215, 1215, 0
1722862117249608350, 29, 59, 400, 0, 0, 1984, 40965, 0, 1095, 1095, 1215, 1215, 0
1722862117252074151, 29, 59, 400, 0, 0, 1984, 40965, 0, 1095, 1095, 1215, 1215, 0
1722862117254546837, 29, 59, 400, 0, 0, 1984, 40965, 0, 1095, 1095, 1215, 1215, 0
1722862117257015555, 29, 59, 400, 0, 0, 1984, 40965, 0, 1095, 1095, 1215, 1215, 0
1722862117259478011, 29, 59, 400, 0, 0, 1984, 40965, 0, 1095, 1095, 1215, 1215, 0
1722862117265533626, 29, 59, 400, 0, 0, 1984, 40965, 0, 1095, 1095, 1215, 1215, 0
1722862117268003595, 29, 59, 400, 0, 0, 1984, 40965, 0, 1095, 1095, 1215, 1215, 0
1722862117270550129, 29, 59, 400, 0, 0, 1984, 40965, 0, 1095, 1095, 1215, 1215, 0
1722862117273016986, 29, 59, 400, 0, 0, 1984, 40965, 0, 1095, 1095, 1215, 1215, 0
1722862117275491461, 29, 59, 400, 0, 0, 1984, 40965, 0, 1095, 1095, 1215, 1215, 0
1722862117283464409, 29, 59, 400, 0, 0, 1984, 40965, 0, 1095, 1095, 1215, 1215, 0
1722862117285932786, 29, 59, 400, 0, 0, 1984, 40965, 0, 1095, 1095, 1215, 1215, 0
1722862117288402812, 29, 59, 400, 0, 0, 1984, 40965, 0, 1095, 1095, 1215, 1215, 0
1722862117290925047, 29, 59, 400, 0, 0, 1984, 40965, 0, 1095, 1095, 1215, 1215, 0
1722862117293387399, 29, 59, 400, 0, 0, 1984, 40965, 0, 1095, 1095, 1215, 1215, 0
1722862117295861676, 29, 59, 400, 0, 0, 1984, 40965, 0, 1095, 1095, 1215, 1215, 0
1722862117300141006, 29, 59, 400, 0, 0, 1984, 40965, 0, 1095, 1095, 1215, 1215, 0
1722862117302607489, 29, 59, 400, 0, 0, 1984, 40965, 0, 1095, 1095, 1215, 1215, 0
1722862117305076864, 29, 59, 400, 0, 0, 1984, 40965, 0, 1095, 1095, 1215, 1215, 0
1722862117307547803, 29, 59, 400, 0, 0, 1984, 40965, 0, 1095, 1095, 1215, 1215, 0
1722862117310092613, 29, 59, 400, 0, 0, 1984, 40965, 0, 1095, 1095, 1215, 1215, 0
1722862117312565713, 29, 59, 400, 0, 0, 1984, 40965, 0, 1095, 1095, 1215, 1215, 0
1722862117316857439, 29, 59, 400, 0, 0, 1984, 40965, 0, 1095, 1095, 1215, 1215, 0
1722862117319326407, 29, 59, 400, 0, 0, 1984, 40965, 0, 1095, 1095, 1215, 1215, 0
1722862117321793363, 29, 59, 400, 0, 0, 1984, 40965, 0, 1095, 1095, 1215, 1215, 0
1722862117324259346, 29, 59, 400, 0, 0, 1984, 40965, 0, 1095, 1095, 1215, 1215, 0
1722862117326726483, 29, 59, 400, 0, 0, 1984, 40965, 0, 1095, 1095, 1215, 1215, 0
1722862117332683459, 29, 59, 400, 0, 0, 1984, 40965, 0, 1095, 1095, 1215, 1215, 0
1722862117335149627, 29, 59, 400, 0, 0, 1984, 40965, 0, 1095, 1095, 1215, 1215, 0
1722862117337617297, 29, 59, 400, 0, 0, 1984, 40965, 0, 1095, 1095, 1215, 1215, 0
1722862117340091351, 29, 59, 400, 0, 0, 1984, 40965, 0, 1095, 1095, 1215, 1215, 0
1722862117342555927, 29, 59, 400, 0, 0, 1984, 40965, 0, 1095, 1095, 1215, 1215, 0
1722862117345020793, 29, 59, 400, 0, 0, 1984, 40965, 0, 1095, 1095, 1215, 1215, 0
1722862117351215852, 29, 59, 400, 0, 0, 1984, 40965, 0, 1095, 1095, 1215, 1215, 0
1722862117353681035, 29, 59, 400, 0, 0, 1984, 40965, 0, 1095, 1095, 1215, 1215, 0
1722862117356146128, 29, 59, 400, 0, 0, 1984, 40965, 0, 1095, 1095, 1215, 1215, 0
1722862117358621120, 29, 59, 400, 0, 0, 1984, 40965, 0, 1095, 1095, 1215, 1215, 0
1722862117361087271, 29, 59, 400, 0, 0, 1984, 40965, 0, 1095, 1095, 1215, 1215, 0
1722862117367207879, 29, 59, 400, 0, 0, 1984, 40965, 0, 1095, 1095, 1215, 1215, 0
1722862117369675921, 29, 59, 400, 0, 0, 1984, 40965, 0, 1095, 1095, 1215, 1215, 0
1722862117372229185, 29, 59, 400, 0, 0, 1984, 40965, 0, 1095, 1095, 1215, 1215, 0
1722862117374692678, 29, 59, 400, 0, 0, 1984, 40965, 0, 1095, 1095, 1215, 1215, 0
1722862117377162318, 29, 59, 400, 0, 0, 1984, 40965, 0, 1095, 1095, 1215, 1215, 0
1722862117381709094, 29, 59, 400, 0, 0, 1984, 40965, 0, 1095, 1095, 1215, 1215, 0
1722862117384181248, 29, 59, 400, 0, 0, 1984, 40965, 0, 1095, 1095, 1215, 1215, 0
1722862117386650197, 29, 59, 400, 0, 0, 1984, 40965, 0, 1095, 1095, 1215, 1215, 0
1722862117389112380, 29, 59, 400, 0, 0, 1984, 40965, 0, 1095, 1095, 1215, 1215, 0
1722862117391657155, 29, 59, 400, 0, 0, 1984, 40965, 0, 1095, 1095, 1215, 1215, 0
1722862117394122477, 29, 59, 400, 0, 0, 1984, 40965, 0, 1095, 1095, 1215, 1215, 0
1722862117399072296, 29, 59, 400, 0, 0, 1984, 40965, 0, 1095, 1095, 1215, 1215, 0
1722862117401545384, 29, 59, 400, 0, 0, 1984, 40965, 0, 1095, 1095, 1215, 1215, 0
1722862117404017468, 29, 59, 400, 0, 0, 1984, 40965, 0, 1095, 1095, 1215, 1215, 0
1722862117406482508, 29, 59, 400, 0, 0, 1984, 40965, 0, 1095, 1095, 1215, 1215, 0
1722862117408944919, 29, 59, 400, 0, 0, 1984, 40965, 0, 1095, 1095, 1215, 1215, 0
1722862117414394050, 29, 59, 400, 0, 0, 1984, 40965, 0, 1095, 1095, 1215, 1215, 0
1722862117416857578, 29, 59, 400, 0, 0, 1984, 40965, 0, 1095, 1095, 1215, 1215, 0
1722862117419323314, 29, 59, 400, 0, 0, 1984, 40965, 0, 1095, 1095, 1215, 1215, 0
1722862117421795242, 29, 59, 400, 0, 0, 1984, 40965, 0, 1095, 1095, 1215, 1215, 0
1722862117424265604, 29, 59, 400, 0, 0, 1984, 40965, 0, 1095, 1095, 1215, 1215, 0
1722862117426728376, 29, 59, 400, 0, 0, 1984, 40965, 0, 1095, 1095, 1215, 1215, 0
1722862117432236590, 29, 59, 400, 0, 0, 1984, 40965, 0, 1095, 1095, 1215, 1215, 0
1722862117434705950, 29, 59, 400, 0, 0, 1984, 40965, 0, 1095, 1095, 1215, 1215, 0
1722862117437170477, 29, 59, 400, 0, 0, 1984, 40965, 0, 1095, 1095, 1215, 1215, 0
1722862117439641494, 29, 59, 400, 0, 0, 1984, 40965, 0, 1095, 1095, 1215, 1215, 0
1722862117442108354, 29, 59, 400, 0, 0, 1984, 40965, 0, 1095, 1095, 1215, 1215, 0
1722862117448484027, 29, 59, 400, 0, 0, 1984, 40965, 0, 1095, 1095, 1215, 1215, 0
1722862117450948564, 29, 59, 400, 0, 0, 1984, 40965, 0, 1095, 1095, 1215, 1215, 0
1722862117453653068, 29, 59, 400, 0, 0, 1984, 40965, 0, 1095, 1095, 1215, 1215, 0
1722862117456123099, 29, 59, 400, 0, 0, 1984, 40965, 0, 1095, 1095, 1215, 1215, 0
1722862117458590358, 29, 59, 400, 0, 0, 1984, 40965, 0, 1095, 1095, 1215, 1215, 0
1722862117463474747, 29, 59, 400, 0, 0, 1984, 40965, 0, 1095, 1095, 1215, 1215, 0
1722862117465950322, 29, 59, 400, 0, 0, 1984, 40965, 0, 1095, 1095, 1215, 1215, 0
1722862117468419905, 29, 59, 400, 0, 0, 1984, 40965, 0, 1095, 1095, 1215, 1215, 0
1722862117470885120, 29, 59, 400, 0, 0, 1984, 40965, 0, 1095, 1095, 1215, 1215, 0
1722862117473438207, 29, 59, 400, 0, 0, 1984, 40965, 0, 1095, 1095, 1215, 1215, 0
1722862117475915633, 29, 59, 400, 0, 0, 1984, 40965, 0, 1095, 1095, 1215, 1215, 0
1722862117479835446, 29, 59, 400, 0, 0, 1984, 40965, 0, 1095, 1095, 1215, 1215, 0
1722862117482298935, 29, 59, 400, 0, 0, 1984, 40965, 0, 1095, 1095, 1215, 1215, 0
1722862117484774575, 29, 59, 400, 0, 0, 1984, 40965, 0, 1095, 1095, 1215, 1215, 0
1722862117487234790, 29, 59, 400, 0, 0, 1984, 40965, 0, 1095, 1095, 1215, 1215, 0
1722862117489698763, 29, 59, 400, 0, 0, 1984, 40965, 0, 1095, 1095, 1215, 1215, 0
1722862117495303226, 29, 59, 400, 0, 0, 1984, 40965, 0, 1095, 1095, 1215, 1215, 0
1722862117497773406, 29, 59, 400, 0, 0, 1984, 40965, 0, 1095, 1095, 1215, 1215, 0
1722862117500239213, 29, 59, 400, 0, 0, 1984, 40965, 0, 1095, 1095, 1215, 1215, 0
1722862117502706053, 29, 59, 400, 0, 0, 1984, 40965, 0, 1095, 1095, 1215, 1215, 0
1722862117505174558, 29, 59, 400, 0, 0, 1984, 40965, 0, 1095, 1095, 1215, 1215, 0
1722862117507635876, 29, 59, 400, 0, 0, 1984, 40965, 0, 1095, 1095, 1215, 1215, 0
1722862117511855540, 29, 59, 400, 0, 0, 1984, 40965, 0, 1095, 1095, 1215, 1215, 0
1722862117514375903, 29, 59, 400, 0, 0, 1984, 40965, 0, 1095, 1095, 1215, 1215, 0
1722862117520201292, 29, 59, 400, 0, 0, 1984, 40965, 0, 1095, 1095, 1215, 1215, 0
1722862117522671344, 29, 59, 400, 0, 0, 1984, 40965, 0, 1095, 1095, 1215, 1215, 0
1722862117529038961, 29, 59, 400, 0, 0, 1984, 40965, 0, 1095, 1095, 1215, 1215, 0
1722862117531509809, 29, 59, 400, 0, 0, 1984, 40965, 0, 1095, 1095, 1215, 1215, 0
1722862117534336930, 29, 59, 400, 0, 0, 1984, 40965, 0, 1095, 1095, 1215, 1215, 0
1722862117536803166, 29, 59, 400, 0, 0, 1984, 40965, 0, 1095, 1095, 1215, 1215, 0
1722862117539270038, 29, 59, 400, 0, 0, 1984, 40965, 0, 1095, 1095, 1215, 1215, 0
1722862117543970229, 29, 59, 400, 0, 0, 1984, 40965, 0, 1095, 1095, 1215, 1215, 0
1722862117546434144, 29, 59, 400, 0, 0, 1984, 40965, 0, 1095, 1095, 1215, 1215, 0
1722862117548901758, 29, 59, 400, 0, 0, 1984, 40965, 0, 1095, 1095, 1215, 1215, 0
1722862117551372014, 29, 59, 400, 0, 0, 1984, 40965, 0, 1095, 1095, 1215, 1215, 0
1722862117554680573, 29, 59, 400, 0, 0, 1984, 40965, 0, 1095, 1095, 1215, 1215, 0
1722862117559559008, 29, 59, 400, 0, 0, 1984, 40965, 0, 1095, 1095, 1215, 1215, 0
1722862117562032033, 29, 59, 400, 0, 0, 1984, 40965, 0, 1095, 1095, 1215, 1215, 0
1722862117564499768, 29, 59, 400, 0, 0, 1984, 40965, 0, 1095, 1095, 1215, 1215, 0
1722862117566961168, 29, 59, 400, 0, 0, 1984, 40965, 0, 1095, 1095, 1215, 1215, 0
1722862117569431024, 29, 59, 400, 0, 0, 1984, 40965, 0, 1095, 1095, 1215, 1215, 0
1722862117574395862, 29, 59, 400, 0, 0, 1984, 40965, 0, 1095, 1095, 1215, 1215, 0
1722862117576941359, 29, 59, 400, 0, 0, 1984, 40965, 0, 1095, 1095, 1215, 1215, 0
1722862117579410886, 29, 59, 400, 0, 0, 1984, 40965, 0, 1095, 1095, 1215, 1215, 0
1722862117581880625, 29, 59, 400, 0, 0, 1984, 40965, 0, 1095, 1095, 1215, 1215, 0
1722862117584345877, 29, 59, 400, 0, 0, 1984, 40965, 0, 1095, 1095, 1215, 1215, 0
1722862117586810664, 29, 59, 400, 0, 0, 1984, 40965, 0, 1095, 1095, 1215, 1215, 0
1722862117591596999, 29, 59, 400, 0, 0, 1984, 40965, 0, 1095, 1095, 1215, 1215, 0
1722862117594064335, 29, 59, 400, 0, 0, 1984, 40965, 0, 1095, 1095, 1215, 1215, 0
1722862117596591652, 29, 59, 400, 0, 0, 1984, 40965, 0, 1095, 1095, 1215, 1215, 0
1722862117599059132, 29, 59, 400, 0, 0, 1984, 40965, 0, 1095, 1095, 1215, 1215, 0
1722862117601527960, 29, 59, 400, 0, 0, 1984, 40965, 0, 1095, 1095, 1215, 1215, 0
1722862117603999270, 29, 59, 400, 0, 0, 1984, 40965, 0, 1095, 1095, 1215, 1215, 0
1722862117609647013, 29, 59, 400, 0, 0, 1984, 40965, 0, 1095, 1095, 1215, 1215, 0
1722862117612115411, 29, 59, 400, 0, 0, 1984, 40965, 0, 1095, 1095, 1215, 1215, 0
1722862117614589363, 29, 59, 400, 0, 0, 1984, 40965, 0, 1095, 1095, 1215, 1215, 0
1722862117617111311, 29, 59, 400, 0, 0, 1984, 40965, 0, 1095, 1095, 1215, 1215, 0
1722862117619575198, 29, 59, 400, 0, 0, 1984, 40965, 0, 1095, 1095, 1215, 1215, 0
1722862117624182098, 29, 59, 400, 0, 0, 1984, 40965, 0, 1095, 1095, 1215, 1215, 0
1722862117626645990, 29, 59, 400, 0, 0, 1984, 40965, 0, 1095, 1095, 1215, 1215, 0
1722862117629109610, 29, 59, 400, 0, 0, 1984, 40965, 0, 1095, 1095, 1215, 1215, 0
1722862117631580968, 29, 59, 400, 0, 0, 1984, 40965, 0, 1095, 1095, 1215, 1215, 0
1722862117634049025, 29, 59, 400, 0, 0, 1984, 40965, 0, 1095, 1095, 1215, 1215, 0
1722862117639843134, 29, 59, 400, 0, 0, 1984, 40965, 0, 1095, 1095, 1215, 1215, 0
1722862117642319412, 29, 59, 400, 0, 0, 1984, 40965, 0, 1095, 1095, 1215, 1215, 0
1722862117644790876, 29, 59, 400, 0, 0, 1984, 40965, 0, 1095, 1095, 1215, 1215, 0
1722862117647254094, 29, 59, 400, 0, 0, 1984, 40965, 0, 1095, 1095, 1215, 1215, 0
1722862117649723310, 29, 59, 400, 0, 0, 1984, 40965, 0, 1095, 1095, 1215, 1215, 0
1722862117652190505, 29, 59, 400, 0, 0, 1984, 40965, 0, 1095, 1095, 1215, 1215, 0
1722862117657405282, 29, 59, 400, 0, 0, 1984, 40965, 0, 1095, 1095, 1215, 1215, 0
1722862117659878057, 29, 59, 400, 0, 0, 1984, 40965, 0, 1095, 1095, 1215, 1215, 0
1722862117662344628, 29, 59, 400, 0, 0, 1984, 40965, 0, 1095, 1095, 1215, 1215, 0
1722862117664817241, 29, 59, 400, 0, 0, 1984, 40965, 0, 1095, 1095, 1215, 1215, 0
1722862117667283910, 29, 59, 400, 0, 0, 1984, 40965, 0, 1095, 1095, 1215, 1215, 0
1722862117672214932, 29, 59, 400, 0, 0, 1984, 40965, 0, 1095, 1095, 1215, 1215, 0
1722862117674683616, 29, 59, 400, 0, 0, 1984, 40965, 0, 1095, 1095, 1215, 1215, 0
1722862117677243080, 29, 59, 400, 0, 0, 1984, 40965, 0, 1095, 1095, 1215, 1215, 0
1722862117679707434, 29, 59, 400, 0, 0, 1984, 40965, 0, 1095, 1095, 1215, 1215, 0
1722862117682173591, 29, 59, 400, 0, 0, 1984, 40965, 0, 1095, 1095, 1215, 1215, 0
1722862117684647204, 29, 59, 400, 0, 0, 1984, 40965, 0, 1095, 1095, 1215, 1215, 0
1722862117690830979, 29, 59, 400, 0, 0, 1984, 40965, 0, 1095, 1095, 1215, 1215, 0
1722862117693297792, 29, 59, 400, 0, 0, 1984, 40965, 0, 1095, 1095, 1215, 1215, 0
1722862117695766499, 29, 59, 400, 0, 0, 1984, 40965, 0, 1095, 1095, 1215, 1215, 0
1722862117698294380, 29, 59, 400, 0, 0, 1984, 40965, 0, 1095, 1095, 1215, 1215, 0
1722862117700757795, 29, 59, 400, 0, 0, 1984, 40965, 0, 1095, 1095, 1215, 1215, 0
1722862117705400271, 29, 59, 400, 0, 0, 1984, 40965, 0, 1095, 1095, 1215, 1215, 0
1722862117707869606, 29, 59, 400, 0, 0, 1984, 40965, 0, 1095, 1095, 1215, 1215, 0
1722862117710333914, 29, 59, 400, 0, 0, 1984, 40965, 0, 1095, 1095, 1215, 1215, 0
1722862117712803705, 29, 59, 400, 0, 0, 1984, 40965, 0, 1095, 1095, 1215, 1215, 0
1722862117715270377, 29, 59, 400, 0, 0, 1984, 40965, 0, 1095, 1095, 1215, 1215, 0
1722862117717797232, 29, 59, 400, 0, 0, 1984, 40965, 0, 1095, 1095, 1215, 1215, 0
1722862117721733729, 29, 59, 400, 0, 0, 1984, 40965, 0, 1095, 1095, 1215, 1215, 0
1722862117724203452, 29, 59, 400, 0, 0, 1984, 40965, 0, 1095, 1095, 1215, 1215, 0
1722862117726672758, 29, 59, 400, 0, 0, 1984, 40965, 0, 1095, 1095, 1215, 1215, 0
1722862117729141073, 29, 59, 400, 0, 0, 1984, 40965, 0, 1095, 1095, 1215, 1215, 0
1722862117731605993, 29, 59, 400, 0, 0, 1984, 40965, 0, 1095, 1095, 1215, 1215, 0
1722862117734074507, 29, 59, 400, 0, 0, 1984, 40965, 0, 1095, 1095, 1215, 1215, 0
1722862117739185857, 29, 59, 400, 0, 0, 1984, 40965, 0, 1095, 1095, 1215, 1215, 0
1722862117741652830, 29, 59, 400, 0, 0, 1984, 40965, 0, 1095, 1095, 1215, 1215, 0
1722862117744121307, 29, 59, 400, 0, 0, 1984, 40965, 0, 1095, 1095, 1215, 1215, 0
1722862117746596949, 29, 59, 400, 0, 0, 1984, 40965, 0, 1095, 1095, 1215, 1215, 0
1722862117749058772, 29, 59, 400, 0, 0, 1984, 40965, 0, 1095, 1095, 1215, 1215, 0
1722862117753254515, 29, 59, 400, 0, 0, 1984, 40965, 0, 1095, 1095, 1215, 1215, 0
1722862117755730662, 29, 59, 400, 0, 0, 1984, 40965, 0, 1095, 1095, 1215, 1215, 0
1722862117759268651, 29, 58, 400, 0, 0, 1984, 40965, 0, 1095, 1095, 1215, 1215, 0
1722862117761731748, 29, 58, 400, 0, 0, 1984, 40965, 0, 1095, 1095, 1215, 1215, 0
1722862117764202164, 29, 58, 400, 0, 0, 1984, 40965, 0, 1095, 1095, 1215, 1215, 0
1722862117770370806, 29, 58, 400, 0, 0, 1984, 40965, 0, 1095, 1095, 1215, 1215, 0
1722862117772837437, 29, 58, 400, 0, 0, 1984, 40965, 0, 1095, 1095, 1215, 1215, 0
1722862117775308405, 29, 58, 400, 0, 0, 1984, 40965, 0, 1095, 1095, 1215, 1215, 0
1722862117777774259, 29, 58, 400, 0, 0, 1984, 40965, 0, 1095, 1095, 1215, 1215, 0
1722862117780329170, 29, 58, 400, 0, 0, 1984, 40965, 0, 1095, 1095, 1215, 1215, 0
1722862117785321262, 29, 58, 400, 0, 0, 1984, 40965, 0, 1095, 1095, 1215, 1215, 0
1722862117787790833, 29, 58, 400, 0, 0, 1984, 40965, 0, 1095, 1095, 1215, 1215, 0
1722862117790261587, 29, 58, 400, 0, 0, 1984, 40965, 0, 1095, 1095, 1215, 1215, 0
1722862117792732731, 29, 58, 400, 0, 0, 1984, 40965, 0, 1095, 1095, 1215, 1215, 0
1722862117795194970, 29, 58, 400, 0, 0, 1984, 40965, 0, 1095, 1095, 1215, 1215, 0
1722862117797665651, 29, 58, 400, 0, 0, 1984, 40965, 0, 1095, 1095, 1215, 1215, 0
1722862117802701728, 29, 58, 400, 0, 0, 1984, 40965, 0, 1095, 1095, 1215, 1215, 0
1722862117805167564, 29, 58, 400, 0, 0, 1984, 40965, 0, 1095, 1095, 1215, 1215, 0
1722862117807634010, 29, 58, 400, 0, 0, 1984, 40965, 0, 1095, 1095, 1215, 1215, 0
1722862117810104545, 29, 58, 400, 0, 0, 1984, 40965, 0, 1095, 1095, 1215, 1215, 0
1722862117812567534, 29, 58, 400, 0, 0, 1984, 40965, 0, 1095, 1095, 1215, 1215, 0
1722862117817659272, 29, 58, 400, 0, 0, 1984, 40965, 0, 1095, 1095, 1215, 1215, 0
1722862117820202309, 29, 58, 400, 0, 0, 1984, 40965, 0, 1095, 1095, 1215, 1215, 0
1722862117822666383, 29, 58, 400, 0, 0, 1984, 40965, 0, 1095, 1095, 1215, 1215, 0
1722862117825129410, 29, 58, 400, 0, 0, 1984, 40965, 0, 1095, 1095, 1215, 1215, 0
1722862117827601123, 29, 58, 400, 0, 0, 1984, 40965, 0, 1095, 1095, 1215, 1215, 0
1722862117830068116, 29, 58, 400, 0, 0, 1984, 40965, 0, 1095, 1095, 1215, 1215, 0
1722862117833955929, 29, 58, 400, 0, 0, 1984, 40965, 0, 1095, 1095, 1215, 1215, 0
1722862117836427414, 29, 58, 400, 0, 0, 1984, 40965, 0, 1095, 1095, 1215, 1215, 0
1722862117838893352, 29, 58, 400, 0, 0, 1984, 40965, 0, 1095, 1095, 1215, 1215, 0
1722862117841409883, 29, 58, 400, 0, 0, 1984, 40965, 0, 1095, 1095, 1215, 1215, 0
1722862117843881621, 29, 58, 400, 0, 0, 1984, 40965, 0, 1095, 1095, 1215, 1215, 0
1722862117846348525, 29, 58, 400, 0, 0, 1984, 40965, 0, 1095, 1095, 1215, 1215, 0
1722862117851869980, 29, 58, 400, 0, 0, 1984, 40965, 0, 1095, 1095, 1215, 1215, 0
1722862117854339854, 29, 58, 400, 0, 0, 1984, 40965, 0, 1095, 1095, 1215, 1215, 0
1722862117856809032, 29, 58, 400, 0, 0, 1984, 40965, 0, 1095, 1095, 1215, 1215, 0
1722862117859272075, 29, 58, 400, 0, 0, 1984, 40965, 0, 1095, 1095, 1215, 1215, 0
1722862117861990464, 29, 59, 400, 0, 0, 1984, 40965, 0, 1095, 1095, 1215, 1215, 0
1722862117864458792, 29, 59, 400, 0, 0, 1984, 40965, 0, 1095, 1095, 1215, 1215, 0
1722862117868291478, 29, 59, 400, 0, 0, 1984, 40965, 0, 1095, 1095, 1215, 1215, 0
1722862117870763003, 29, 59, 400, 0, 0, 1984, 40965, 0, 1095, 1095, 1215, 1215, 0
1722862117873228112, 29, 59, 400, 0, 0, 1984, 40965, 0, 1095, 1095, 1215, 1215, 0
1722862117875696239, 29, 59, 400, 0, 0, 1984, 40965, 0, 1095, 1095, 1215, 1215, 0
1722862117878170434, 29, 59, 400, 0, 0, 1984, 40965, 0, 1095, 1095, 1215, 1215, 0
1722862117883355914, 29, 59, 400, 0, 0, 1984, 40965, 0, 1095, 1095, 1215, 1215, 0
1722862117885823863, 29, 59, 400, 0, 0, 1984, 40965, 0, 1095, 1095, 1215, 1215, 0
1722862117888296669, 29, 59, 400, 0, 0, 1984, 40965, 0, 1095, 1095, 1215, 1215, 0
1722862117890763219, 29, 59, 400, 0, 0, 1984, 40965, 0, 1095, 1095, 1215, 1215, 0
1722862117893226898, 29, 59, 400, 0, 0, 1984, 40965, 0, 1095, 1095, 1215, 1215, 0
1722862117895699685, 29, 59, 400, 0, 0, 1984, 40965, 0, 1095, 1095, 1215, 1215, 0
1722862117899594858, 29, 59, 400, 0, 0, 1984, 40965, 0, 1095, 1095, 1215, 1215, 0
1722862117902115314, 29, 59, 400, 0, 0, 1984, 40965, 0, 1095, 1095, 1215, 1215, 0
1722862117904586677, 29, 59, 400, 0, 0, 1984, 40965, 0, 1095, 1095, 1215, 1215, 0
1722862117907056900, 29, 59, 400, 0, 0, 1984, 40965, 0, 1095, 1095, 1215, 1215, 0
1722862117909519626, 29, 59, 400, 0, 0, 1984, 40965, 0, 1095, 1095, 1215, 1215, 0
1722862117914428839, 29, 59, 400, 0, 0, 1984, 40965, 0, 1095, 1095, 1215, 1215, 0
1722862117916896773, 29, 59, 400, 0, 0, 1984, 40965, 0, 1095, 1095, 1215, 1215, 0
1722862117919365643, 29, 59, 400, 0, 0, 1984, 40965, 0, 1095, 1095, 1215, 1215, 0
1722862117921893024, 29, 59, 400, 0, 0, 1984, 40965, 0, 1095, 1095, 1215, 1215, 0
1722862117924358148, 29, 59, 400, 0, 0, 1984, 40965, 0, 1095, 1095, 1215, 1215, 0
1722862117926832264, 29, 59, 400, 0, 0, 1984, 40965, 0, 1095, 1095, 1215, 1215, 0
1722862117932804121, 29, 59, 400, 0, 0, 1984, 40965, 0, 1095, 1095, 1215, 1215, 0
1722862117935269721, 29, 59, 400, 0, 0, 1984, 40965, 0, 1095, 1095, 1215, 1215, 0
1722862117937736616, 29, 59, 400, 0, 0, 1984, 40965, 0, 1095, 1095, 1215, 1215, 0
1722862117940206236, 29, 59, 400, 0, 0, 1984, 40965, 0, 1095, 1095, 1215, 1215, 0
1722862117942724942, 29, 59, 400, 0, 0, 1984, 40965, 0, 1095, 1095, 1215, 1215, 0
1722862117947471919, 29, 59, 400, 0, 0, 1984, 40965, 0, 1095, 1095, 1215, 1215, 0
1722862117949949222, 29, 59, 400, 0, 0, 1984, 40965, 0, 1095, 1095, 1215, 1215, 0
1722862117952409765, 29, 59, 400, 0, 0, 1984, 40965, 0, 1095, 1095, 1215, 1215, 0
1722862117954873756, 29, 59, 400, 0, 0, 1984, 40965, 0, 1095, 1095, 1215, 1215, 0
1722862117957344237, 29, 59, 400, 0, 0, 1984, 40965, 0, 1095, 1095, 1215, 1215, 0
1722862117959811862, 29, 59, 400, 0, 0, 1984, 40965, 0, 1095, 1095, 1215, 1215, 0
1722862117964987213, 29, 59, 400, 0, 0, 1984, 40965, 0, 1095, 1095, 1215, 1215, 0
1722862117967458795, 29, 59, 400, 0, 0, 1984, 40965, 0, 1095, 1095, 1215, 1215, 0
1722862117969933605, 29, 59, 400, 0, 0, 1984, 40965, 0, 1095, 1095, 1215, 1215, 0
1722862117972396420, 29, 59, 400, 0, 0, 1984, 40965, 0, 1095, 1095, 1215, 1215, 0
1722862117974864334, 29, 59, 400, 0, 0, 1984, 40965, 0, 1095, 1095, 1215, 1215, 0
1722862117979398156, 29, 59, 400, 0, 0, 1984, 40965, 0, 1095, 1095, 1215, 1215, 0
1722862117982091609, 29, 59, 400, 0, 0, 1984, 40965, 0, 1095, 1095, 1215, 1215, 0
1722862117984560120, 29, 59, 400, 0, 0, 1984, 40965, 0, 1095, 1095, 1215, 1215, 0
1722862117987026115, 29, 59, 400, 0, 0, 1984, 40965, 0, 1095, 1095, 1215, 1215, 0
1722862117989493691, 29, 59, 400, 0, 0, 1984, 40965, 0, 1095, 1095, 1215, 1215, 0
1722862117991963782, 29, 59, 400, 0, 0, 1984, 40965, 0, 1095, 1095, 1215, 1215, 0
1722862117995846378, 29, 59, 400, 0, 0, 1984, 40965, 0, 1095, 1095, 1215, 1215, 0
1722862117998314249, 29, 59, 400, 0, 0, 1984, 40965, 0, 1095, 1095, 1215, 1215, 0
1722862118000784188, 29, 59, 400, 0, 0, 1984, 40965, 0, 1095, 1095, 1215, 1215, 0
1722862118003323521, 29, 59, 400, 0, 0, 1984, 40965, 0, 1095, 1095, 1215, 1215, 0
1722862118005790992, 29, 59, 400, 0, 0, 1984, 40965, 0, 1095, 1095, 1215, 1215, 0
1722862118008264398, 29, 59, 400, 0, 0, 1984, 40965, 0, 1095, 1095, 1215, 1215, 0
1722862118010729477, 29, 59, 400, 0, 0, 1984, 40965, 0, 1095, 1095, 1215, 1215, 0
1722862118015632975, 29, 59, 400, 0, 0, 1984, 40965, 0, 1095, 1095, 1215, 1215, 0
1722862118018106693, 29, 59, 400, 0, 0, 1984, 40965, 0, 1095, 1095, 1215, 1215, 0
1722862118020574122, 29, 59, 400, 0, 0, 1984, 40965, 0, 1095, 1095, 1215, 1215, 0
1722862118023095270, 29, 59, 400, 0, 0, 1984, 40965, 0, 1095, 1095, 1215, 1215, 0
1722862118025568646, 29, 59, 400, 0, 0, 1984, 40965, 0, 1095, 1095, 1215, 1215, 0
1722862118028041515, 29, 59, 400, 0, 0, 1984, 40965, 0, 1095, 1095, 1215, 1215, 0
1722862118033673591, 29, 59, 400, 0, 0, 1984, 40965, 0, 1095, 1095, 1215, 1215, 0
1722862118036145272, 29, 59, 400, 0, 0, 1984, 40965, 0, 1095, 1095, 1215, 1215, 0
1722862118038615520, 29, 59, 400, 0, 0, 1984, 40965, 0, 1095, 1095, 1215, 1215, 0
1722862118041081141, 29, 59, 400, 0, 0, 1984, 40965, 0, 1095, 1095, 1215, 1215, 0
1722862118043605227, 29, 59, 400, 0, 0, 1984, 40965, 0, 1095, 1095, 1215, 1215, 0
1722862118048302203, 29, 59, 400, 0, 0, 1984, 40965, 0, 1095, 1095, 1215, 1215, 0
1722862118050773386, 29, 59, 400, 0, 0, 1984, 40965, 0, 1095, 1095, 1215, 1215, 0
1722862118053242253, 29, 59, 400, 0, 0, 1984, 40965, 0, 1095, 1095, 1215, 1215, 0
1722862118055708775, 29, 59, 400, 0, 0, 1984, 40965, 0, 1095, 1095, 1215, 1215, 0
1722862118058175793, 29, 59, 400, 0, 0, 1984, 40965, 0, 1095, 1095, 1215, 1215, 0
1722862118060643599, 29, 59, 400, 0, 0, 1984, 40965, 0, 1095, 1095, 1215, 1215, 0
1722862118066319198, 29, 59, 400, 0, 0, 1984, 40965, 0, 1095, 1095, 1215, 1215, 0
1722862118068786828, 29, 59, 400, 0, 0, 1984, 40965, 0, 1095, 1095, 1215, 1215, 0
1722862118071258315, 29, 59, 400, 0, 0, 1984, 40965, 0, 1095, 1095, 1215, 1215, 0
1722862118073724269, 29, 59, 400, 0, 0, 1984, 40965, 0, 1095, 1095, 1215, 1215, 0
1722862118076186992, 29, 59, 400, 0, 0, 1984, 40965, 0, 1095, 1095, 1215, 1215, 0
1722862118081162199, 29, 59, 400, 0, 0, 1984, 40965, 0, 1095, 1095, 1215, 1215, 0
1722862118083692837, 29, 59, 400, 0, 0, 1984, 40965, 0, 1095, 1095, 1215, 1215, 0
1722862118086157042, 29, 59, 400, 0, 0, 1984, 40965, 0, 1095, 1095, 1215, 1215, 0
1722862118088630989, 29, 59, 400, 0, 0, 1984, 40965, 0, 1095, 1095, 1215, 1215, 0
1722862118091099842, 29, 59, 400, 0, 0, 1984, 40965, 0, 1095, 1095, 1215, 1215, 0
1722862118096045442, 29, 59, 400, 0, 0, 1984, 40965, 0, 1095, 1095, 1215, 1215, 0
1722862118098513602, 29, 59, 400, 0, 0, 1984, 40965, 0, 1095, 1095, 1215, 1215, 0
1722862118100984725, 29, 59, 400, 0, 0, 1984, 40965, 0, 1095, 1095, 1215, 1215, 0
1722862118103527143, 29, 59, 400, 0, 0, 1984, 40965, 0, 1095, 1095, 1215, 1215, 0
1722862118105999891, 29, 59, 400, 0, 0, 1984, 40965, 0, 1095, 1095, 1215, 1215, 0
1722862118108466317, 29, 59, 400, 0, 0, 1984, 40965, 0, 1095, 1095, 1215, 1215, 0
1722862118114501765, 29, 59, 400, 0, 0, 1984, 40965, 0, 1095, 1095, 1215, 1215, 0
1722862118116971215, 29, 59, 400, 0, 0, 1984, 40965, 0, 1095, 1095, 1215, 1215, 0
1722862118119438481, 29, 59, 400, 0, 0, 1984, 40965, 0, 1095, 1095, 1215, 1215, 0
1722862118121906142, 29, 59, 400, 0, 0, 1984, 40965, 0, 1095, 1095, 1215, 1215, 0
1722862118124433571, 29, 59, 400, 0, 0, 1984, 40965, 0, 1095, 1095, 1215, 1215, 0
1722862118126897961, 29, 59, 400, 0, 0, 1984, 40965, 0, 1095, 1095, 1215, 1215, 0
1722862118130875499, 29, 59, 400, 0, 0, 1984, 40965, 0, 1095, 1095, 1215, 1215, 0
1722862118133349182, 29, 59, 400, 0, 0, 1984, 40965, 0, 1095, 1095, 1215, 1215, 0
1722862118135813040, 29, 59, 400, 0, 0, 1984, 40965, 0, 1095, 1095, 1215, 1215, 0
1722862118138278859, 29, 59, 400, 0, 0, 1984, 40965, 0, 1095, 1095, 1215, 1215, 0
1722862118140750825, 29, 59, 400, 0, 0, 1984, 40965, 0, 1095, 1095, 1215, 1215, 0
1722862118146120501, 29, 59, 400, 0, 0, 1984, 40965, 0, 1095, 1095, 1215, 1215, 0
1722862118148586889, 29, 59, 400, 0, 0, 1984, 40965, 0, 1095, 1095, 1215, 1215, 0
1722862118151057359, 29, 59, 400, 0, 0, 1984, 40965, 0, 1095, 1095, 1215, 1215, 0
1722862118153525132, 29, 59, 400, 0, 0, 1984, 40965, 0, 1095, 1095, 1215, 1215, 0
1722862118155988052, 29, 59, 400, 0, 0, 1984, 40965, 0, 1095, 1095, 1215, 1215, 0
1722862118160930382, 29, 59, 400, 0, 0, 1984, 40965, 0, 1095, 1095, 1215, 1215, 0
1722862118163969477, 29, 59, 400, 0, 0, 1984, 40965, 0, 1095, 1095, 1215, 1215, 0
1722862118166438177, 29, 59, 400, 0, 0, 1984, 40965, 0, 1095, 1095, 1215, 1215, 0
1722862118168904351, 29, 59, 400, 0, 0, 1984, 40965, 0, 1095, 1095, 1215, 1215, 0
1722862118171371582, 29, 59, 400, 0, 0, 1984, 40965, 0, 1095, 1095, 1215, 1215, 0
1722862118176337427, 29, 59, 400, 0, 0, 1984, 40965, 0, 1095, 1095, 1215, 1215, 0
1722862118178808043, 29, 59, 400, 0, 0, 1984, 40965, 0, 1095, 1095, 1215, 1215, 0
1722862118181274791, 29, 59, 400, 0, 0, 1984, 40965, 0, 1095, 1095, 1215, 1215, 0
1722862118183812780, 29, 59, 400, 0, 0, 1984, 40965, 0, 1095, 1095, 1215, 1215, 0
1722862118186284888, 29, 59, 400, 0, 0, 1984, 40965, 0, 1095, 1095, 1215, 1215, 0
1722862118188750663, 29, 59, 400, 0, 0, 1984, 40965, 0, 1095, 1095, 1215, 1215, 0
1722862118194675233, 29, 59, 400, 0, 0, 1984, 40965, 0, 1095, 1095, 1215, 1215, 0
1722862118197145740, 29, 59, 400, 0, 0, 1984, 40965, 0, 1095, 1095, 1215, 1215, 0
1722862118199609585, 29, 59, 400, 0, 0, 1984, 40965, 0, 1095, 1095, 1215, 1215, 0
1722862118202070200, 29, 59, 400, 0, 0, 1984, 40965, 0, 1095, 1095, 1215, 1215, 0
1722862118204617906, 29, 59, 400, 0, 0, 1984, 40965, 0, 1095, 1095, 1215, 1215, 0
1722862118209605077, 29, 59, 400, 0, 0, 1984, 40965, 0, 1095, 1095, 1215, 1215, 0
1722862118212070985, 29, 59, 400, 0, 0, 1984, 40965, 0, 1095, 1095, 1215, 1215, 0
1722862118214550129, 29, 59, 400, 0, 0, 1984, 40965, 0, 1095, 1095, 1215, 1215, 0
1722862118217011843, 29, 59, 400, 0, 0, 1984, 40965, 0, 1095, 1095, 1215, 1215, 0
1722862118219473171, 29, 59, 400, 0, 0, 1984, 40965, 0, 1095, 1095, 1215, 1215, 0
1722862118221945279, 29, 59, 400, 0, 0, 1984, 40965, 0, 1095, 1095, 1215, 1215, 0
1722862118226788511, 29, 59, 400, 0, 0, 1984, 40965, 0, 1095, 1095, 1215, 1215, 0
1722862118229254834, 29, 59, 400, 0, 0, 1984, 40965, 0, 1095, 1095, 1215, 1215, 0
1722862118231723805, 29, 59, 400, 0, 0, 1984, 40965, 0, 1095, 1095, 1215, 1215, 0
1722862118234193691, 29, 59, 400, 0, 0, 1984, 40965, 0, 1095, 1095, 1215, 1215, 0
1722862118236656600, 29, 59, 400, 0, 0, 1984, 40965, 0, 1095, 1095, 1215, 1215, 0
1722862118241617142, 29, 59, 400, 0, 0, 1984, 40965, 0, 1095, 1095, 1215, 1215, 0
1722862118244408790, 29, 59, 400, 0, 0, 1984, 40965, 0, 1095, 1095, 1215, 1215, 0
1722862118246877111, 29, 59, 400, 0, 0, 1984, 40965, 0, 1095, 1095, 1215, 1215, 0
1722862118249346724, 29, 59, 400, 0, 0, 1984, 40965, 0, 1095, 1095, 1215, 1215, 0
1722862118251810960, 29, 59, 400, 0, 0, 1984, 40965, 0, 1095, 1095, 1215, 1215, 0
1722862118254283486, 29, 59, 400, 0, 0, 1984, 40965, 0, 1095, 1095, 1215, 1215, 0
1722862118258180613, 29, 59, 400, 0, 0, 1984, 40965, 0, 1095, 1095, 1215, 1215, 0
1722862118260644628, 29, 59, 400, 0, 0, 1984, 40965, 0, 1095, 1095, 1215, 1215, 0
1722862118263109324, 29, 59, 400, 0, 0, 1984, 40965, 0, 1095, 1095, 1215, 1215, 0
1722862118265820986, 29, 59, 400, 0, 0, 1984, 40965, 0, 1095, 1095, 1215, 1215, 0
1722862118268284929, 29, 59, 400, 0, 0, 1984, 40965, 0, 1095, 1095, 1215, 1215, 0
1722862118270750092, 29, 59, 400, 0, 0, 1984, 40965, 0, 1095, 1095, 1215, 1215, 0
1722862118275977257, 29, 59, 400, 0, 0, 1984, 40965, 0, 1095, 1095, 1215, 1215, 0
1722862118278440405, 29, 59, 400, 0, 0, 1984, 40965, 0, 1095, 1095, 1215, 1215, 0
1722862118280907814, 29, 59, 400, 0, 0, 1984, 40965, 0, 1095, 1095, 1215, 1215, 0
1722862118283374838, 29, 59, 400, 0, 0, 1984, 40965, 0, 1095, 1095, 1215, 1215, 0
1722862118285915043, 29, 59, 400, 0, 0, 1984, 40965, 0, 1095, 1095, 1215, 1215, 0
1722862118290960625, 29, 59, 400, 0, 0, 1984, 40965, 0, 1095, 1095, 1215, 1215, 0
1722862118293434358, 29, 59, 400, 0, 0, 1984, 40965, 0, 1095, 1095, 1215, 1215, 0
1722862118295901929, 29, 59, 400, 0, 0, 1984, 40965, 0, 1095, 1095, 1215, 1215, 0
1722862118298363932, 29, 59, 400, 0, 0, 1984, 40965, 0, 1095, 1095, 1215, 1215, 0
1722862118300833277, 29, 59, 400, 0, 0, 1984, 40965, 0, 1095, 1095, 1215, 1215, 0
1722862118303300557, 29, 59, 400, 0, 0, 1984, 40965, 0, 1095, 1095, 1215, 1215, 0
1722862118308245723, 29, 59, 400, 0, 0, 1984, 40965, 0, 1095, 1095, 1215, 1215, 0
1722862118310715780, 29, 59, 400, 0, 0, 1984, 40965, 0, 1095, 1095, 1215, 1215, 0
1722862118313184003, 29, 59, 400, 0, 0, 1984, 40965, 0, 1095, 1095, 1215, 1215, 0
1722862118315654514, 29, 59, 400, 0, 0, 1984, 40965, 0, 1095, 1095, 1215, 1215, 0
1722862118318123345, 29, 59, 400, 0, 0, 1984, 40965, 0, 1095, 1095, 1215, 1215, 0
1722862118322037180, 29, 59, 400, 0, 0, 1984, 40965, 0, 1095, 1095, 1215, 1215, 0
1722862118324504876, 29, 59, 400, 0, 0, 1984, 40965, 0, 1095, 1095, 1215, 1215, 0
1722862118327047425, 29, 59, 400, 0, 0, 1984, 40965, 0, 1095, 1095, 1215, 1215, 0
1722862118329514929, 29, 59, 400, 0, 0, 1984, 40965, 0, 1095, 1095, 1215, 1215, 0
1722862118331983858, 29, 59, 400, 0, 0, 1984, 40965, 0, 1095, 1095, 1215, 1215, 0
1722862118334457440, 29, 59, 400, 0, 0, 1984, 40965, 0, 1095, 1095, 1215, 1215, 0
1722862118338345306, 29, 59, 400, 0, 0, 1984, 40965, 0, 1095, 1095, 1215, 1215, 0
1722862118340809300, 29, 59, 400, 0, 0, 1984, 40965, 0, 1095, 1095, 1215, 1215, 0
1722862118343285991, 29, 59, 400, 0, 0, 1984, 40965, 0, 1095, 1095, 1215, 1215, 0
1722862118346241325, 29, 59, 400, 0, 0, 1984, 40965, 0, 1095, 1095, 1215, 1215, 0
1722862118348707002, 29, 59, 400, 0, 0, 1984, 40965, 0, 1095, 1095, 1215, 1215, 0
1722862118354007840, 29, 59, 400, 0, 0, 1984, 40965, 0, 1095, 1095, 1215, 1215, 0
1722862118360719543, 29, 59, 400, 0, 0, 1984, 40965, 0, 1095, 1095, 1215, 1215, 0
1722862118365924196, 29, 59, 400, 0, 0, 1984, 40965, 0, 1095, 1095, 1215, 1215, 0
1722862118372220428, 29, 59, 400, 0, 0, 1984, 40965, 0, 1095, 1095, 1215, 1215, 0
1722862118377974618, 29, 59, 400, 0, 0, 1984, 40965, 0, 1095, 1095, 1215, 1215, 0
1722862118389308398, 29, 59, 400, 0, 0, 1984, 40965, 0, 1095, 1095, 1215, 1215, 0
1722862118398244663, 29, 59, 400, 0, 0, 1984, 40965, 0, 1095, 1095, 1215, 1215, 0
1722862118400712194, 29, 59, 400, 0, 0, 1984, 40965, 0, 1095, 1095, 1215, 1215, 0
1722862118403180777, 29, 59, 400, 0, 0, 1984, 40965, 0, 1095, 1095, 1215, 1215, 0
1722862118406002201, 29, 59, 400, 0, 0, 1984, 40965, 0, 1095, 1095, 1215, 1215, 0
1722862118409992802, 29, 59, 400, 0, 0, 1984, 40965, 0, 1095, 1095, 1215, 1215, 0
1722862118412460900, 29, 59, 400, 0, 0, 1984, 40965, 0, 1095, 1095, 1215, 1215, 0
1722862118414930039, 29, 59, 400, 0, 0, 1984, 40965, 0, 1095, 1095, 1215, 1215, 0
1722862118417395601, 29, 59, 400, 0, 0, 1984, 40965, 0, 1095, 1095, 1215, 1215, 0
1722862118419863148, 29, 59, 400, 0, 0, 1984, 40965, 0, 1095, 1095, 1215, 1215, 0
1722862118422335063, 29, 59, 400, 0, 0, 1984, 40965, 0, 1095, 1095, 1215, 1215, 0
1722862118427328341, 29, 59, 400, 0, 0, 1984, 40965, 0, 1095, 1095, 1215, 1215, 0
1722862118429797676, 29, 59, 400, 0, 0, 1984, 40965, 0, 1095, 1095, 1215, 1215, 0
1722862118432272615, 29, 59, 400, 0, 0, 1984, 40965, 0, 1095, 1095, 1215, 1215, 0
1722862118434736710, 29, 59, 400, 0, 0, 1984, 40965, 0, 1095, 1095, 1215, 1215, 0
1722862118437202564, 29, 59, 400, 0, 0, 1984, 40965, 0, 1095, 1095, 1215, 1215, 0
1722862118442173465, 29, 59, 400, 0, 0, 1984, 40965, 0, 1095, 1095, 1215, 1215, 0
1722862118444640933, 29, 59, 400, 0, 0, 1984, 40965, 0, 1095, 1095, 1215, 1215, 0
1722862118447409220, 29, 59, 400, 0, 0, 1984, 40965, 0, 1095, 1095, 1215, 1215, 0
1722862118449880883, 29, 59, 400, 0, 0, 1984, 40965, 0, 1095, 1095, 1215, 1215, 0
1722862118452347445, 29, 59, 400, 0, 0, 1984, 40965, 0, 1095, 1095, 1215, 1215, 0
1722862118454810777, 29, 59, 400, 0, 0, 1984, 40965, 0, 1095, 1095, 1215, 1215, 0
1722862118459525068, 29, 59, 400, 0, 0, 1984, 40965, 0, 1095, 1095, 1215, 1215, 0
1722862118461993098, 29, 59, 400, 0, 0, 1984, 40965, 0, 1095, 1095, 1215, 1215, 0
1722862118464460166, 29, 59, 400, 0, 0, 1984, 40965, 0, 1095, 1095, 1215, 1215, 0
1722862118467715235, 29, 59, 400, 0, 0, 1984, 40965, 0, 1095, 1095, 1215, 1215, 0
1722862118470184262, 29, 59, 400, 0, 0, 1984, 40965, 0, 1095, 1095, 1215, 1215, 0
1722862118472652506, 29, 59, 400, 0, 0, 1984, 40965, 0, 1095, 1095, 1215, 1215, 0
1722862118475118017, 29, 59, 400, 0, 0, 1984, 40965, 0, 1095, 1095, 1215, 1215, 0
1722862118479654070, 29, 59, 400, 0, 0, 1984, 40965, 0, 1095, 1095, 1215, 1215, 0
1722862118482125556, 29, 59, 400, 0, 0, 1984, 40965, 0, 1095, 1095, 1215, 1215, 0
1722862118484596914, 29, 59, 400, 0, 0, 1984, 40965, 0, 1095, 1095, 1215, 1215, 0
1722862118487258568, 29, 59, 400, 0, 0, 1984, 40965, 0, 1095, 1095, 1215, 1215, 0
1722862118489729827, 29, 59, 400, 0, 0, 1984, 40965, 0, 1095, 1095, 1215, 1215, 0
1722862118492204975, 29, 59, 400, 0, 0, 1984, 40965, 0, 1095, 1095, 1215, 1215, 0
1722862118496169709, 29, 59, 400, 0, 0, 1984, 40965, 0, 1095, 1095, 1215, 1215, 0
1722862118498632859, 29, 59, 400, 0, 0, 1984, 40965, 0, 1095, 1095, 1215, 1215, 0
1722862118501108968, 29, 59, 400, 0, 0, 1984, 40965, 0, 1095, 1095, 1215, 1215, 0
1722862118503570503, 29, 59, 400, 0, 0, 1984, 40965, 0, 1095, 1095, 1215, 1215, 0
1722862118506032427, 29, 59, 400, 0, 0, 1984, 40965, 0, 1095, 1095, 1215, 1215, 0
1722862118508563834, 29, 59, 400, 0, 0, 1984, 40965, 0, 1095, 1095, 1215, 1215, 0
1722862118512634921, 29, 59, 400, 0, 0, 1984, 40965, 0, 1095, 1095, 1215, 1215, 0
1722862118515101517, 29, 59, 400, 0, 0, 1984, 40965, 0, 1095, 1095, 1215, 1215, 0
1722862118517574441, 29, 59, 400, 0, 0, 1984, 40965, 0, 1095, 1095, 1215, 1215, 0
1722862118523319788, 29, 59, 400, 0, 0, 1984, 40965, 0, 1095, 1095, 1215, 1215, 0
1722862118528403437, 29, 59, 400, 0, 0, 1984, 40965, 0, 1095, 1095, 1215, 1215, 0
1722862118530875220, 29, 59, 400, 0, 0, 1984, 40965, 0, 1095, 1095, 1215, 1215, 0
1722862118533342203, 29, 59, 400, 0, 0, 1984, 40965, 0, 1095, 1095, 1215, 1215, 0
1722862118535817463, 29, 59, 400, 0, 0, 1984, 40965, 0, 1095, 1095, 1215, 1215, 0
1722862118538286520, 29, 59, 400, 0, 0, 1984, 40965, 0, 1095, 1095, 1215, 1215, 0
1722862118542176543, 29, 59, 400, 0, 0, 1984, 40965, 0, 1095, 1095, 1215, 1215, 0
1722862118544647129, 29, 59, 400, 0, 0, 1984, 40965, 0, 1095, 1095, 1215, 1215, 0
1722862118547111891, 29, 59, 400, 0, 0, 1984, 40965, 0, 1095, 1095, 1215, 1215, 0
1722862118549644232, 29, 59, 400, 0, 0, 1984, 40965, 0, 1095, 1095, 1215, 1215, 0
1722862118552111082, 29, 59, 400, 0, 0, 1984, 40965, 0, 1095, 1095, 1215, 1215, 0
1722862118558106597, 29, 59, 400, 0, 0, 1984, 40965, 0, 1095, 1095, 1215, 1215, 0
1722862118560573401, 29, 59, 400, 0, 0, 1984, 40965, 0, 1095, 1095, 1215, 1215, 0
1722862118563041295, 29, 59, 400, 0, 0, 1984, 40965, 0, 1095, 1095, 1215, 1215, 0
1722862118565512415, 29, 59, 400, 0, 0, 1984, 40965, 0, 1095, 1095, 1215, 1215, 0
1722862118569218140, 29, 58, 400, 0, 0, 1984, 40965, 0, 1095, 1095, 1215, 1215, 0
1722862118573991002, 29, 58, 400, 0, 0, 1984, 40965, 0, 1095, 1095, 1215, 1215, 0
1722862118576464477, 29, 58, 400, 0, 0, 1984, 40965, 0, 1095, 1095, 1215, 1215, 0
1722862118578934223, 29, 58, 400, 0, 0, 1984, 40965, 0, 1095, 1095, 1215, 1215, 0
1722862118581399528, 29, 58, 400, 0, 0, 1984, 40965, 0, 1095, 1095, 1215, 1215, 0
1722862118583871528, 29, 58, 400, 0, 0, 1984, 40965, 0, 1095, 1095, 1215, 1215, 0
1722862118586339394, 29, 58, 400, 0, 0, 1984, 40965, 0, 1095, 1095, 1215, 1215, 0
1722862118591320476, 29, 58, 400, 0, 0, 1984, 40965, 0, 1095, 1095, 1215, 1215, 0
1722862118593791397, 29, 58, 400, 0, 0, 1984, 40965, 0, 1095, 1095, 1215, 1215, 0
1722862118596259962, 29, 58, 400, 0, 0, 1984, 40965, 0, 1095, 1095, 1215, 1215, 0
1722862118598725799, 29, 58, 400, 0, 0, 1984, 40965, 0, 1095, 1095, 1215, 1215, 0
1722862118601195087, 29, 58, 400, 0, 0, 1984, 40965, 0, 1095, 1095, 1215, 1215, 0
1722862118603661659, 29, 58, 400, 0, 0, 1984, 40965, 0, 1095, 1095, 1215, 1215, 0
1722862118608705575, 29, 58, 400, 0, 0, 1984, 40965, 0, 1095, 1095, 1215, 1215, 0
1722862118611176935, 29, 58, 400, 0, 0, 1984, 40965, 0, 1095, 1095, 1215, 1215, 0
1722862118613641159, 29, 58, 400, 0, 0, 1984, 40965, 0, 1095, 1095, 1215, 1215, 0
1722862118616113409, 29, 58, 400, 0, 0, 1984, 40965, 0, 1095, 1095, 1215, 1215, 0
1722862118618584355, 29, 58, 400, 0, 0, 1984, 40965, 0, 1095, 1095, 1215, 1215, 0
1722862118622487013, 29, 58, 400, 0, 0, 1984, 40965, 0, 1095, 1095, 1215, 1215, 0
1722862118624955370, 29, 58, 400, 0, 0, 1984, 40965, 0, 1095, 1095, 1215, 1215, 0
1722862118627423436, 29, 58, 400, 0, 0, 1984, 40965, 0, 1095, 1095, 1215, 1215, 0
1722862118629961910, 29, 58, 400, 0, 0, 1984, 40965, 0, 1095, 1095, 1215, 1215, 0
1722862118632426228, 29, 58, 400, 0, 0, 1984, 40965, 0, 1095, 1095, 1215, 1215, 0
1722862118638936009, 29, 58, 400, 0, 0, 1984, 40965, 0, 1095, 1095, 1215, 1215, 0
1722862118641401544, 29, 58, 400, 0, 0, 1984, 40965, 0, 1095, 1095, 1215, 1215, 0
1722862118643865920, 29, 58, 400, 0, 0, 1984, 40965, 0, 1095, 1095, 1215, 1215, 0
1722862118646336133, 29, 58, 400, 0, 0, 1984, 40965, 0, 1095, 1095, 1215, 1215, 0
1722862118649172002, 29, 58, 400, 0, 0, 1984, 40965, 0, 1095, 1095, 1215, 1215, 0
1722862118654110929, 29, 58, 400, 0, 0, 1984, 40965, 0, 1095, 1095, 1215, 1215, 0
1722862118656588154, 29, 58, 400, 0, 0, 1984, 40965, 0, 1095, 1095, 1215, 1215, 0
1722862118659056435, 29, 58, 400, 0, 0, 1984, 40965, 0, 1095, 1095, 1215, 1215, 0
1722862118661517917, 29, 58, 400, 0, 0, 1984, 40965, 0, 1095, 1095, 1215, 1215, 0
1722862118663988436, 29, 58, 400, 0, 0, 1984, 40965, 0, 1095, 1095, 1215, 1215, 0
1722862118666455184, 29, 58, 400, 0, 0, 1984, 40965, 0, 1095, 1095, 1215, 1215, 0
1722862118671952608, 29, 59, 400, 0, 0, 1984, 40965, 0, 1095, 1095, 1215, 1215, 0
1722862118674421808, 29, 59, 400, 0, 0, 1984, 40965, 0, 1095, 1095, 1215, 1215, 0
1722862118676888631, 29, 59, 400, 0, 0, 1984, 40965, 0, 1095, 1095, 1215, 1215, 0
1722862118679356480, 29, 59, 400, 0, 0, 1984, 40965, 0, 1095, 1095, 1215, 1215, 0
1722862118681824128, 29, 59, 400, 0, 0, 1984, 40965, 0, 1095, 1095, 1215, 1215, 0
1722862118684289584, 29, 59, 400, 0, 0, 1984, 40965, 0, 1095, 1095, 1215, 1215, 0
1722862118689390796, 29, 59, 400, 0, 0, 1984, 40965, 0, 1095, 1095, 1215, 1215, 0
1722862118691865610, 29, 59, 400, 0, 0, 1984, 40965, 0, 1095, 1095, 1215, 1215, 0
1722862118694331810, 29, 59, 400, 0, 0, 1984, 40965, 0, 1095, 1095, 1215, 1215, 0
1722862118696800287, 29, 59, 400, 0, 0, 1984, 40965, 0, 1095, 1095, 1215, 1215, 0
1722862118699273499, 29, 59, 400, 0, 0, 1984, 40965, 0, 1095, 1095, 1215, 1215, 0
1722862118703184653, 29, 59, 400, 0, 0, 1984, 40965, 0, 1095, 1095, 1215, 1215, 0
1722862118705651376, 29, 59, 400, 0, 0, 1984, 40965, 0, 1095, 1095, 1215, 1215, 0
1722862118708120715, 29, 59, 400, 0, 0, 1984, 40965, 0, 1095, 1095, 1215, 1215, 0
1722862118710661481, 29, 59, 400, 0, 0, 1984, 40965, 0, 1095, 1095, 1215, 1215, 0
1722862118713126546, 29, 59, 400, 0, 0, 1984, 40965, 0, 1095, 1095, 1215, 1215, 0
